2025-09-03 14:41:14,318 - __main__ - INFO - 📢 KOSPI200 오늘 주가 데이터를 가져오는 중...
2025-09-03 14:41:14,318 - StockPriceService - INFO - StockPriceService initialized
2025-09-03 14:41:14,318 - StockPriceService - INFO - Starting stock price data collection...
2025-09-03 14:41:14,318 - SpringApplicationContext - INFO - Spring Application Context initialized
2025-09-03 14:41:14,318 - AppConfig - INFO - AppConfig initialized
2025-09-03 14:45:41,273 - StockPriceApplication - INFO - StockPriceApplication initialized
2025-09-03 14:45:41,273 - AppConfig - INFO - AppConfig initialized
2025-09-03 14:45:42,481 - __main__ - INFO - HikariDataSource initialized with max pool size: 10
2025-09-03 14:45:42,481 - __main__ - INFO - JdbcTemplate initialized
2025-09-03 14:45:42,481 - StockPriceRepository - INFO - StockPriceRepository initialized
2025-09-03 14:45:42,481 - StockDataService - INFO - StockDataService initialized
2025-09-03 14:45:42,481 - StockPriceApplication - INFO - 📢 KOSPI200 오늘 주가 데이터를 가져오는 중...
2025-09-03 14:45:42,656 - StockPriceRepository - INFO - Tables created successfully
2025-09-03 14:45:42,656 - StockDataService - INFO - 📢 KOSPI200 오늘 주가 데이터를 가져오는 중...
2025-09-03 14:45:42,674 - StockDataService - INFO - 📅 오늘 날짜 (한국 시간): 2025-09-03 Wednesday
2025-09-03 14:45:42,674 - StockDataService - INFO - 📆 조회일: 20250903
2025-09-03 14:45:42,812 - StockPriceRepository - INFO - 🗑️ 2025-09-03 기존 데이터 삭제 완료
2025-09-03 14:45:42,896 - StockPriceRepository - INFO - 📋 종목 리스트 로드 완료: 271개 종목
2025-09-03 14:45:42,901 - StockDataService - INFO - 🔄 (1) 동화약품(A000020) 20250903 데이터 수집 중...
2025-09-03 14:45:42,901 - StockDataService - INFO - 🔄 (11) DL(A000210) 20250903 데이터 수집 중...
2025-09-03 14:45:42,902 - StockDataService - INFO - 🔄 (21) 롯데손해보험(A000400) 20250903 데이터 수집 중...
2025-09-03 14:45:42,902 - StockDataService - INFO -   - 주가 데이터 가져오기 시도 중...
2025-09-03 14:45:42,902 - StockDataService - INFO - 🔄 (31) 천일고속(A000650) 20250903 데이터 수집 중...
2025-09-03 14:45:42,902 - StockDataService - INFO - 🔄 (41) 한화(A000880) 20250903 데이터 수집 중...
2025-09-03 14:45:42,902 - StockDataService - INFO - 🔄 (51) 대한방직(A001070) 20250903 데이터 수집 중...
2025-09-03 14:45:42,902 - StockDataService - INFO - 🔄 (61) 부국증권(A001270) 20250903 데이터 수집 중...
2025-09-03 14:45:42,902 - StockDataService - INFO - 🔄 (71) BYC(A001460) 20250903 데이터 수집 중...
2025-09-03 14:45:42,902 - StockDataService - INFO - 🔄 (81) 케이비아이동국실업(A001620) 20250903 데이터 수집 중...
2025-09-03 14:45:42,902 - StockDataService - INFO - 🔄 (91) 무림SP(A001810) 20250903 데이터 수집 중...
2025-09-03 14:45:42,902 - StockDataService - INFO -   - 조회일: 20250903
2025-09-03 14:45:42,967 - StockDataService - INFO -   - 주가 데이터 가져오기 시도 중...
2025-09-03 14:45:42,967 - StockDataService - INFO -   - 조회일: 20250903
2025-09-03 14:45:43,003 - StockDataService - INFO -   - 주가 데이터 가져오기 시도 중...
2025-09-03 14:45:43,003 - StockDataService - INFO -   - 조회일: 20250903
2025-09-03 14:45:43,010 - StockDataService - INFO -   - 주가 데이터 가져오기 시도 중...
2025-09-03 14:45:43,011 - StockDataService - INFO -   - 주가 데이터 가져오기 시도 중...
2025-09-03 14:45:43,011 - StockDataService - INFO -   - 조회일: 20250903
2025-09-03 14:45:43,011 - StockDataService - INFO -   - 조회일: 20250903
2025-09-03 14:45:43,020 - StockDataService - INFO -   - 주가 데이터 가져오기 시도 중...
2025-09-03 14:45:43,020 - StockDataService - INFO -   - 조회일: 20250903
2025-09-03 14:45:43,036 - StockDataService - INFO -   - 주가 데이터 가져오기 시도 중...
2025-09-03 14:45:43,037 - StockDataService - INFO -   - 조회일: 20250903
2025-09-03 14:45:43,044 - StockDataService - INFO -   - 주가 데이터 가져오기 시도 중...
2025-09-03 14:45:43,045 - StockDataService - INFO -   - 조회일: 20250903
2025-09-03 14:45:43,097 - StockDataService - INFO -   - 주가 데이터 가져오기 시도 중...
2025-09-03 14:45:43,097 - StockDataService - INFO -   - 조회일: 20250903
2025-09-03 14:45:43,097 - StockDataService - INFO -   - 주가 데이터 가져오기 시도 중...
2025-09-03 14:45:43,097 - StockDataService - INFO -   - 조회일: 20250903
2025-09-03 14:45:47,874 - StockDataService - INFO -   - 종목명: 동화약품
2025-09-03 14:45:48,000 - StockDataService - ERROR -   - 데이터 가져오기 실패: Length mismatch: Expected axis has 7 elements, new values have 6 elements
2025-09-03 14:45:48,000 - StockDataService - WARNING - ❌ 동화약품(A000020) - 20250903 데이터 없음
2025-09-03 14:45:48,001 - StockDataService - INFO - 🔄 (2) KR모터스(A000040) 20250903 데이터 수집 중...
2025-09-03 14:45:48,133 - StockDataService - INFO -   - 종목명: 케이비아이동국실업
2025-09-03 14:45:48,182 - StockDataService - INFO -   - 주가 데이터 가져오기 시도 중...
2025-09-03 14:45:48,182 - StockDataService - INFO -   - 조회일: 20250903
2025-09-03 14:45:48,182 - StockDataService - INFO -   - 종목명: KR모터스
2025-09-03 14:45:48,216 - StockDataService - ERROR -   - 데이터 가져오기 실패: Length mismatch: Expected axis has 7 elements, new values have 6 elements
2025-09-03 14:45:48,217 - StockDataService - WARNING - ❌ 케이비아이동국실업(A001620) - 20250903 데이터 없음
2025-09-03 14:45:48,217 - StockDataService - INFO - 🔄 (82) 종근당홀딩스(A001630) 20250903 데이터 수집 중...
2025-09-03 14:45:48,248 - StockDataService - ERROR -   - 데이터 가져오기 실패: Length mismatch: Expected axis has 7 elements, new values have 6 elements
2025-09-03 14:45:48,248 - StockDataService - WARNING - ❌ KR모터스(A000040) - 20250903 데이터 없음
2025-09-03 14:45:48,248 - StockDataService - INFO - 🔄 (3) 경방(A000050) 20250903 데이터 수집 중...
2025-09-03 14:45:48,280 - StockDataService - INFO -   - 종목명: 천일고속
2025-09-03 14:45:48,313 - StockDataService - INFO -   - 종목명: 부국증권
2025-09-03 14:45:48,341 - StockDataService - INFO -   - 종목명: 한화
2025-09-03 14:45:48,361 - StockDataService - ERROR -   - 데이터 가져오기 실패: Length mismatch: Expected axis has 7 elements, new values have 6 elements
2025-09-03 14:45:48,362 - StockDataService - WARNING - ❌ 천일고속(A000650) - 20250903 데이터 없음
2025-09-03 14:45:48,363 - StockDataService - INFO -   - 종목명: DL
2025-09-03 14:45:48,363 - StockDataService - INFO - 🔄 (32) SK하이닉스(A000660) 20250903 데이터 수집 중...
2025-09-03 14:45:48,403 - StockDataService - ERROR -   - 데이터 가져오기 실패: Length mismatch: Expected axis has 7 elements, new values have 6 elements
2025-09-03 14:45:48,408 - StockDataService - WARNING - ❌ 부국증권(A001270) - 20250903 데이터 없음
2025-09-03 14:45:48,411 - StockDataService - INFO - 🔄 (62) 상상인증권(A001290) 20250903 데이터 수집 중...
2025-09-03 14:45:48,413 - StockDataService - INFO -   - 종목명: 롯데손해보험
2025-09-03 14:45:48,421 - StockDataService - INFO -   - 주가 데이터 가져오기 시도 중...
2025-09-03 14:45:48,421 - StockDataService - INFO -   - 조회일: 20250903
2025-09-03 14:45:48,421 - StockDataService - INFO -   - 종목명: 종근당홀딩스
2025-09-03 14:45:48,443 - StockDataService - ERROR -   - 데이터 가져오기 실패: Length mismatch: Expected axis has 7 elements, new values have 6 elements
2025-09-03 14:45:48,445 - StockDataService - WARNING - ❌ DL(A000210) - 20250903 데이터 없음
2025-09-03 14:45:48,445 - StockDataService - INFO -   - 주가 데이터 가져오기 시도 중...
2025-09-03 14:45:48,445 - StockDataService - INFO - 🔄 (12) 유유제약(A000220) 20250903 데이터 수집 중...
2025-09-03 14:45:48,445 - StockDataService - INFO -   - 종목명: 대한방직
2025-09-03 14:45:48,446 - StockDataService - ERROR -   - 데이터 가져오기 실패: Length mismatch: Expected axis has 7 elements, new values have 6 elements
2025-09-03 14:45:48,446 - StockDataService - INFO -   - 조회일: 20250903
2025-09-03 14:45:48,450 - StockDataService - INFO -   - 주가 데이터 가져오기 시도 중...
2025-09-03 14:45:48,450 - StockDataService - WARNING - ❌ 한화(A000880) - 20250903 데이터 없음
2025-09-03 14:45:48,459 - StockDataService - INFO -   - 종목명: 경방
2025-09-03 14:45:48,460 - StockDataService - INFO -   - 종목명: BYC
2025-09-03 14:45:48,461 - StockDataService - INFO -   - 조회일: 20250903
2025-09-03 14:45:48,462 - StockDataService - INFO -   - 종목명: 무림SP
2025-09-03 14:45:48,462 - StockDataService - INFO - 🔄 (42) 보해양조(A000890) 20250903 데이터 수집 중...
2025-09-03 14:45:48,463 - StockDataService - INFO -   - 종목명: SK하이닉스
2025-09-03 14:45:48,476 - StockDataService - ERROR -   - 데이터 가져오기 실패: Length mismatch: Expected axis has 7 elements, new values have 6 elements
2025-09-03 14:45:48,476 - StockDataService - WARNING - ❌ 롯데손해보험(A000400) - 20250903 데이터 없음
2025-09-03 14:45:48,476 - StockDataService - INFO - 🔄 (22) 대원강업(A000430) 20250903 데이터 수집 중...
2025-09-03 14:45:48,490 - StockDataService - ERROR -   - 데이터 가져오기 실패: Length mismatch: Expected axis has 7 elements, new values have 6 elements
2025-09-03 14:45:48,490 - StockDataService - WARNING - ❌ 종근당홀딩스(A001630) - 20250903 데이터 없음
2025-09-03 14:45:48,490 - StockDataService - INFO - 🔄 (83) 대상(A001680) 20250903 데이터 수집 중...
2025-09-03 14:45:48,510 - StockDataService - INFO -   - 주가 데이터 가져오기 시도 중...
2025-09-03 14:45:48,510 - StockDataService - INFO -   - 조회일: 20250903
2025-09-03 14:45:48,510 - StockDataService - INFO -   - 종목명: 유유제약
2025-09-03 14:45:48,520 - StockDataService - INFO -   - 주가 데이터 가져오기 시도 중...
2025-09-03 14:45:48,520 - StockDataService - INFO -   - 조회일: 20250903
2025-09-03 14:45:48,520 - StockDataService - INFO -   - 종목명: 보해양조
2025-09-03 14:45:48,525 - StockDataService - ERROR -   - 데이터 가져오기 실패: Length mismatch: Expected axis has 7 elements, new values have 6 elements
2025-09-03 14:45:48,526 - StockDataService - WARNING - ❌ 대한방직(A001070) - 20250903 데이터 없음
2025-09-03 14:45:48,526 - StockDataService - INFO - 🔄 (52) 만호제강(A001080) 20250903 데이터 수집 중...
2025-09-03 14:45:48,541 - StockDataService - ERROR -   - 데이터 가져오기 실패: Length mismatch: Expected axis has 7 elements, new values have 6 elements
2025-09-03 14:45:48,542 - StockDataService - WARNING - ❌ 무림SP(A001810) - 20250903 데이터 없음
2025-09-03 14:45:48,543 - StockDataService - ERROR -   - 데이터 가져오기 실패: Length mismatch: Expected axis has 7 elements, new values have 6 elements
2025-09-03 14:45:48,543 - StockDataService - INFO - 🔄 (92) 삼화콘덴서(A001820) 20250903 데이터 수집 중...
2025-09-03 14:45:48,544 - StockDataService - ERROR -   - 데이터 가져오기 실패: Length mismatch: Expected axis has 7 elements, new values have 6 elements
2025-09-03 14:45:48,544 - StockDataService - INFO -   - 주가 데이터 가져오기 시도 중...
2025-09-03 14:45:48,544 - StockDataService - WARNING - ❌ BYC(A001460) - 20250903 데이터 없음
2025-09-03 14:45:48,544 - StockDataService - WARNING - ❌ 경방(A000050) - 20250903 데이터 없음
2025-09-03 14:45:48,544 - StockDataService - INFO -   - 조회일: 20250903
2025-09-03 14:45:48,544 - StockDataService - INFO - 🔄 (72) 삼부토건(A001470) 20250903 데이터 수집 중...
2025-09-03 14:45:48,544 - StockDataService - INFO - 🔄 (4) 삼양홀딩스(A000070) 20250903 데이터 수집 중...
2025-09-03 14:45:48,544 - StockDataService - INFO -   - 종목명: 상상인증권
2025-09-03 14:45:48,560 - StockDataService - ERROR -   - 데이터 가져오기 실패: Length mismatch: Expected axis has 7 elements, new values have 6 elements
2025-09-03 14:45:48,560 - StockDataService - WARNING - ❌ SK하이닉스(A000660) - 20250903 데이터 없음
2025-09-03 14:45:48,560 - StockDataService - INFO - 🔄 (33) 영풍(A000670) 20250903 데이터 수집 중...
2025-09-03 14:45:48,592 - StockDataService - INFO -   - 주가 데이터 가져오기 시도 중...
2025-09-03 14:45:48,592 - StockDataService - INFO -   - 조회일: 20250903
2025-09-03 14:45:48,592 - StockDataService - INFO -   - 종목명: 만호제강
2025-09-03 14:45:48,600 - StockDataService - ERROR -   - 데이터 가져오기 실패: Length mismatch: Expected axis has 7 elements, new values have 6 elements
2025-09-03 14:45:48,602 - StockDataService - ERROR -   - 데이터 가져오기 실패: Length mismatch: Expected axis has 7 elements, new values have 6 elements
2025-09-03 14:45:48,602 - StockDataService - WARNING - ❌ 보해양조(A000890) - 20250903 데이터 없음
2025-09-03 14:45:48,602 - StockDataService - WARNING - ❌ 유유제약(A000220) - 20250903 데이터 없음
2025-09-03 14:45:48,602 - StockDataService - INFO - 🔄 (43) 유니온(A000910) 20250903 데이터 수집 중...
2025-09-03 14:45:48,602 - StockDataService - INFO - 🔄 (13) 일동홀딩스(A000230) 20250903 데이터 수집 중...
2025-09-03 14:45:48,603 - StockDataService - INFO -   - 주가 데이터 가져오기 시도 중...
2025-09-03 14:45:48,603 - StockDataService - INFO -   - 조회일: 20250903
2025-09-03 14:45:48,603 - StockDataService - INFO -   - 종목명: 삼화콘덴서
2025-09-03 14:45:48,625 - StockDataService - ERROR -   - 데이터 가져오기 실패: Length mismatch: Expected axis has 7 elements, new values have 6 elements
2025-09-03 14:45:48,625 - StockDataService - WARNING - ❌ 상상인증권(A001290) - 20250903 데이터 없음
2025-09-03 14:45:48,625 - StockDataService - INFO - 🔄 (63) PKC(A001340) 20250903 데이터 수집 중...
2025-09-03 14:45:48,652 - StockDataService - INFO -   - 주가 데이터 가져오기 시도 중...
2025-09-03 14:45:48,653 - StockDataService - INFO -   - 조회일: 20250903
2025-09-03 14:45:48,653 - StockDataService - INFO -   - 종목명: 대상
2025-09-03 14:45:48,658 - StockDataService - INFO -   - 주가 데이터 가져오기 시도 중...
2025-09-03 14:45:48,658 - StockDataService - INFO -   - 조회일: 20250903
2025-09-03 14:45:48,658 - StockDataService - INFO -   - 종목명: 대원강업
2025-09-03 14:45:48,671 - StockDataService - ERROR -   - 데이터 가져오기 실패: Length mismatch: Expected axis has 7 elements, new values have 6 elements
2025-09-03 14:45:48,673 - StockDataService - INFO -   - 주가 데이터 가져오기 시도 중...
2025-09-03 14:45:48,673 - StockDataService - WARNING - ❌ 삼화콘덴서(A001820) - 20250903 데이터 없음
2025-09-03 14:45:48,673 - StockDataService - ERROR -   - 데이터 가져오기 실패: Length mismatch: Expected axis has 7 elements, new values have 6 elements
2025-09-03 14:45:48,673 - StockDataService - INFO -   - 조회일: 20250903
2025-09-03 14:45:48,673 - StockDataService - INFO - 🔄 (93) 이화공영(A001840) 20250903 데이터 수집 중...
2025-09-03 14:45:48,673 - StockDataService - INFO -   - 주가 데이터 가져오기 시도 중...
2025-09-03 14:45:48,673 - StockDataService - WARNING - ❌ 만호제강(A001080) - 20250903 데이터 없음
2025-09-03 14:45:48,673 - StockDataService - INFO -   - 종목명: 영풍
2025-09-03 14:45:48,673 - StockDataService - INFO -   - 조회일: 20250903
2025-09-03 14:45:48,673 - StockDataService - INFO - 🔄 (53) LX인터내셔널(A001120) 20250903 데이터 수집 중...
2025-09-03 14:45:48,674 - StockDataService - INFO -   - 종목명: 유니온
2025-09-03 14:45:48,684 - StockDataService - INFO -   - 주가 데이터 가져오기 시도 중...
2025-09-03 14:45:48,684 - StockDataService - INFO -   - 조회일: 20250903
2025-09-03 14:45:48,684 - StockDataService - INFO -   - 종목명: 삼양홀딩스
2025-09-03 14:45:48,691 - StockDataService - INFO -   - 주가 데이터 가져오기 시도 중...
2025-09-03 14:45:48,691 - StockDataService - INFO -   - 조회일: 20250903
2025-09-03 14:45:48,691 - StockDataService - INFO -   - 종목명: 일동홀딩스
2025-09-03 14:45:48,701 - StockDataService - INFO -   - 주가 데이터 가져오기 시도 중...
2025-09-03 14:45:48,701 - StockDataService - INFO -   - 조회일: 20250903
2025-09-03 14:45:48,701 - StockDataService - INFO -   - 종목명: 삼부토건
2025-09-03 14:45:48,731 - StockDataService - ERROR -   - 데이터 가져오기 실패: Length mismatch: Expected axis has 7 elements, new values have 6 elements
2025-09-03 14:45:48,733 - StockDataService - ERROR -   - 데이터 가져오기 실패: Length mismatch: Expected axis has 7 elements, new values have 6 elements
2025-09-03 14:45:48,733 - StockDataService - WARNING - ❌ 대상(A001680) - 20250903 데이터 없음
2025-09-03 14:45:48,733 - StockDataService - WARNING - ❌ 대원강업(A000430) - 20250903 데이터 없음
2025-09-03 14:45:48,733 - StockDataService - INFO - 🔄 (84) 신영증권(A001720) 20250903 데이터 수집 중...
2025-09-03 14:45:48,733 - StockDataService - INFO - 🔄 (23) 중앙에너비스(A000440) 20250903 데이터 수집 중...
2025-09-03 14:45:48,740 - StockDataService - ERROR -   - 데이터 가져오기 실패: Length mismatch: Expected axis has 7 elements, new values have 6 elements
2025-09-03 14:45:48,742 - StockDataService - ERROR -   - 데이터 가져오기 실패: Length mismatch: Expected axis has 7 elements, new values have 6 elements
2025-09-03 14:45:48,742 - StockDataService - WARNING - ❌ 유니온(A000910) - 20250903 데이터 없음
2025-09-03 14:45:48,742 - StockDataService - WARNING - ❌ 영풍(A000670) - 20250903 데이터 없음
2025-09-03 14:45:48,742 - StockDataService - INFO - 🔄 (44) 전방(A000950) 20250903 데이터 수집 중...
2025-09-03 14:45:48,742 - StockDataService - INFO -   - 주가 데이터 가져오기 시도 중...
2025-09-03 14:45:48,742 - StockDataService - INFO - 🔄 (34) LS네트웍스(A000680) 20250903 데이터 수집 중...
2025-09-03 14:45:48,742 - StockDataService - INFO -   - 조회일: 20250903
2025-09-03 14:45:48,742 - StockDataService - INFO -   - 종목명: LX인터내셔널
2025-09-03 14:45:48,756 - StockDataService - ERROR -   - 데이터 가져오기 실패: Length mismatch: Expected axis has 7 elements, new values have 6 elements
2025-09-03 14:45:48,757 - StockDataService - ERROR -   - 데이터 가져오기 실패: Length mismatch: Expected axis has 7 elements, new values have 6 elements
2025-09-03 14:45:48,757 - StockDataService - WARNING - ❌ 삼양홀딩스(A000070) - 20250903 데이터 없음
2025-09-03 14:45:48,757 - StockDataService - WARNING - ❌ 일동홀딩스(A000230) - 20250903 데이터 없음
2025-09-03 14:45:48,757 - StockDataService - INFO - 🔄 (5) 하이트진로(A000080) 20250903 데이터 수집 중...
2025-09-03 14:45:48,757 - StockDataService - INFO - 🔄 (14) 한국앤컴퍼니(A000240) 20250903 데이터 수집 중...
2025-09-03 14:45:48,776 - StockDataService - INFO -   - 주가 데이터 가져오기 시도 중...
2025-09-03 14:45:48,776 - StockDataService - INFO -   - 조회일: 20250903
2025-09-03 14:45:48,776 - StockDataService - INFO -   - 종목명: 이화공영
2025-09-03 14:45:48,780 - StockDataService - ERROR -   - 데이터 가져오기 실패: Length mismatch: Expected axis has 7 elements, new values have 6 elements
2025-09-03 14:45:48,780 - StockDataService - WARNING - ❌ 삼부토건(A001470) - 20250903 데이터 없음
2025-09-03 14:45:48,780 - StockDataService - INFO - 🔄 (73) 현대차증권(A001500) 20250903 데이터 수집 중...
2025-09-03 14:45:48,780 - StockDataService - INFO -   - 주가 데이터 가져오기 시도 중...
2025-09-03 14:45:48,780 - StockDataService - INFO -   - 조회일: 20250903
2025-09-03 14:45:48,780 - StockDataService - INFO -   - 종목명: PKC
2025-09-03 14:45:48,817 - StockDataService - INFO -   - 주가 데이터 가져오기 시도 중...
2025-09-03 14:45:48,817 - StockDataService - INFO -   - 조회일: 20250903
2025-09-03 14:45:48,817 - StockDataService - INFO -   - 종목명: 전방
2025-09-03 14:45:48,821 - StockDataService - ERROR -   - 데이터 가져오기 실패: Length mismatch: Expected axis has 7 elements, new values have 6 elements
2025-09-03 14:45:48,821 - StockDataService - WARNING - ❌ LX인터내셔널(A001120) - 20250903 데이터 없음
2025-09-03 14:45:48,821 - StockDataService - INFO - 🔄 (54) 대한제분(A001130) 20250903 데이터 수집 중...
2025-09-03 14:45:48,837 - StockDataService - INFO -   - 주가 데이터 가져오기 시도 중...
2025-09-03 14:45:48,837 - StockDataService - INFO -   - 조회일: 20250903
2025-09-03 14:45:48,837 - StockDataService - INFO -   - 종목명: 중앙에너비스
2025-09-03 14:45:48,843 - StockDataService - INFO -   - 주가 데이터 가져오기 시도 중...
2025-09-03 14:45:48,843 - StockDataService - INFO -   - 조회일: 20250903
2025-09-03 14:45:48,843 - StockDataService - INFO -   - 종목명: LS네트웍스
2025-09-03 14:45:48,851 - StockDataService - ERROR -   - 데이터 가져오기 실패: Length mismatch: Expected axis has 7 elements, new values have 6 elements
2025-09-03 14:45:48,853 - StockDataService - ERROR -   - 데이터 가져오기 실패: Length mismatch: Expected axis has 7 elements, new values have 6 elements
2025-09-03 14:45:48,853 - StockDataService - WARNING - ❌ 이화공영(A001840) - 20250903 데이터 없음
2025-09-03 14:45:48,853 - StockDataService - WARNING - ❌ PKC(A001340) - 20250903 데이터 없음
2025-09-03 14:45:48,853 - StockDataService - INFO - 🔄 (94) KISCO홀딩스(A001940) 20250903 데이터 수집 중...
2025-09-03 14:45:48,853 - StockDataService - INFO - 🔄 (64) 삼성제약(A001360) 20250903 데이터 수집 중...
2025-09-03 14:45:48,877 - StockDataService - INFO -   - 주가 데이터 가져오기 시도 중...
2025-09-03 14:45:48,877 - StockDataService - INFO -   - 조회일: 20250903
2025-09-03 14:45:48,877 - StockDataService - INFO -   - 종목명: 하이트진로
2025-09-03 14:45:48,882 - StockDataService - ERROR -   - 데이터 가져오기 실패: Length mismatch: Expected axis has 7 elements, new values have 6 elements
2025-09-03 14:45:48,882 - StockDataService - WARNING - ❌ 전방(A000950) - 20250903 데이터 없음
2025-09-03 14:45:48,882 - StockDataService - INFO - 🔄 (45) 한국주철관(A000970) 20250903 데이터 수집 중...
2025-09-03 14:45:48,883 - StockDataService - INFO -   - 주가 데이터 가져오기 시도 중...
2025-09-03 14:45:48,883 - StockDataService - INFO -   - 조회일: 20250903
2025-09-03 14:45:48,883 - StockDataService - INFO -   - 종목명: 한국앤컴퍼니
2025-09-03 14:45:48,895 - StockDataService - ERROR -   - 데이터 가져오기 실패: Length mismatch: Expected axis has 7 elements, new values have 6 elements
2025-09-03 14:45:48,895 - StockDataService - WARNING - ❌ 중앙에너비스(A000440) - 20250903 데이터 없음
2025-09-03 14:45:48,895 - StockDataService - INFO - 🔄 (24) CR홀딩스(A000480) 20250903 데이터 수집 중...
2025-09-03 14:45:48,896 - StockDataService - INFO -   - 주가 데이터 가져오기 시도 중...
2025-09-03 14:45:48,896 - StockDataService - INFO -   - 조회일: 20250903
2025-09-03 14:45:48,896 - StockDataService - INFO -   - 종목명: 현대차증권
2025-09-03 14:45:48,901 - StockDataService - INFO -   - 주가 데이터 가져오기 시도 중...
2025-09-03 14:45:48,901 - StockDataService - INFO -   - 조회일: 20250903
2025-09-03 14:45:48,901 - StockDataService - INFO -   - 종목명: 대한제분
2025-09-03 14:45:48,905 - StockDataService - ERROR -   - 데이터 가져오기 실패: Length mismatch: Expected axis has 7 elements, new values have 6 elements
2025-09-03 14:45:48,905 - StockDataService - WARNING - ❌ LS네트웍스(A000680) - 20250903 데이터 없음
2025-09-03 14:45:48,905 - StockDataService - INFO - 🔄 (35) 유수홀딩스(A000700) 20250903 데이터 수집 중...
2025-09-03 14:45:48,916 - StockDataService - INFO -   - 주가 데이터 가져오기 시도 중...
2025-09-03 14:45:48,916 - StockDataService - INFO -   - 조회일: 20250903
2025-09-03 14:45:48,916 - StockDataService - INFO -   - 종목명: 삼성제약
2025-09-03 14:45:48,937 - StockDataService - INFO -   - 주가 데이터 가져오기 시도 중...
2025-09-03 14:45:48,937 - StockDataService - INFO -   - 조회일: 20250903
2025-09-03 14:45:48,937 - StockDataService - INFO -   - 종목명: 신영증권
2025-09-03 14:45:48,951 - StockDataService - ERROR -   - 데이터 가져오기 실패: Length mismatch: Expected axis has 7 elements, new values have 6 elements
2025-09-03 14:45:48,951 - StockDataService - WARNING - ❌ 한국앤컴퍼니(A000240) - 20250903 데이터 없음
2025-09-03 14:45:48,951 - StockDataService - INFO - 🔄 (15) 삼천당제약(A000250) 20250903 데이터 수집 중...
2025-09-03 14:45:48,960 - StockDataService - ERROR -   - 데이터 가져오기 실패: Length mismatch: Expected axis has 7 elements, new values have 6 elements
2025-09-03 14:45:48,960 - StockDataService - WARNING - ❌ 하이트진로(A000080) - 20250903 데이터 없음
2025-09-03 14:45:48,960 - StockDataService - INFO - 🔄 (6) 유한양행(A000100) 20250903 데이터 수집 중...
2025-09-03 14:45:48,967 - StockDataService - INFO -   - 주가 데이터 가져오기 시도 중...
2025-09-03 14:45:48,967 - StockDataService - INFO -   - 조회일: 20250903
2025-09-03 14:45:48,967 - StockDataService - INFO -   - 종목명: KISCO홀딩스
2025-09-03 14:45:48,971 - StockDataService - ERROR -   - 데이터 가져오기 실패: Length mismatch: Expected axis has 7 elements, new values have 6 elements
2025-09-03 14:45:48,971 - StockDataService - WARNING - ❌ 현대차증권(A001500) - 20250903 데이터 없음
2025-09-03 14:45:48,971 - StockDataService - INFO - 🔄 (74) SK증권(A001510) 20250903 데이터 수집 중...
2025-09-03 14:45:48,972 - StockDataService - INFO -   - 주가 데이터 가져오기 시도 중...
2025-09-03 14:45:48,972 - StockDataService - INFO -   - 조회일: 20250903
2025-09-03 14:45:48,972 - StockDataService - INFO -   - 종목명: CR홀딩스
2025-09-03 14:45:48,985 - StockDataService - ERROR -   - 데이터 가져오기 실패: Length mismatch: Expected axis has 7 elements, new values have 6 elements
2025-09-03 14:45:48,985 - StockDataService - WARNING - ❌ 대한제분(A001130) - 20250903 데이터 없음
2025-09-03 14:45:48,985 - StockDataService - INFO - 🔄 (55) 국보(A001140) 20250903 데이터 수집 중...
2025-09-03 14:45:49,000 - StockDataService - ERROR -   - 데이터 가져오기 실패: Length mismatch: Expected axis has 7 elements, new values have 6 elements
2025-09-03 14:45:49,000 - StockDataService - WARNING - ❌ 삼성제약(A001360) - 20250903 데이터 없음
2025-09-03 14:45:49,000 - StockDataService - INFO - 🔄 (65) SG글로벌(A001380) 20250903 데이터 수집 중...
2025-09-03 14:45:49,020 - StockDataService - ERROR -   - 데이터 가져오기 실패: Length mismatch: Expected axis has 7 elements, new values have 6 elements
2025-09-03 14:45:49,021 - StockDataService - WARNING - ❌ 신영증권(A001720) - 20250903 데이터 없음
2025-09-03 14:45:49,021 - StockDataService - INFO - 🔄 (85) SK네트웍스(A001740) 20250903 데이터 수집 중...
2025-09-03 14:45:49,062 - StockDataService - INFO -   - 주가 데이터 가져오기 시도 중...
2025-09-03 14:45:49,062 - StockDataService - INFO -   - 조회일: 20250903
2025-09-03 14:45:49,062 - StockDataService - INFO -   - 종목명: 한국주철관
2025-09-03 14:45:49,064 - StockDataService - INFO -   - 주가 데이터 가져오기 시도 중...
2025-09-03 14:45:49,064 - StockDataService - INFO -   - 조회일: 20250903
2025-09-03 14:45:49,064 - StockDataService - INFO -   - 종목명: 삼천당제약
2025-09-03 14:45:49,072 - StockDataService - ERROR -   - 데이터 가져오기 실패: Length mismatch: Expected axis has 7 elements, new values have 6 elements
2025-09-03 14:45:49,073 - StockDataService - ERROR -   - 데이터 가져오기 실패: Length mismatch: Expected axis has 7 elements, new values have 6 elements
2025-09-03 14:45:49,074 - StockDataService - WARNING - ❌ KISCO홀딩스(A001940) - 20250903 데이터 없음
2025-09-03 14:45:49,074 - StockDataService - WARNING - ❌ CR홀딩스(A000480) - 20250903 데이터 없음
2025-09-03 14:45:49,074 - StockDataService - INFO - 🔄 (95) 코오롱(A002020) 20250903 데이터 수집 중...
2025-09-03 14:45:49,074 - StockDataService - INFO - 🔄 (25) 대동(A000490) 20250903 데이터 수집 중...
2025-09-03 14:45:49,086 - StockDataService - INFO -   - 주가 데이터 가져오기 시도 중...
2025-09-03 14:45:49,086 - StockDataService - INFO -   - 조회일: 20250903
2025-09-03 14:45:49,087 - StockDataService - INFO -   - 종목명: 유수홀딩스
2025-09-03 14:45:49,101 - StockDataService - INFO -   - 주가 데이터 가져오기 시도 중...
2025-09-03 14:45:49,101 - StockDataService - INFO -   - 조회일: 20250903
2025-09-03 14:45:49,101 - StockDataService - INFO -   - 종목명: 국보
2025-09-03 14:45:49,109 - StockDataService - INFO -   - 주가 데이터 가져오기 시도 중...
2025-09-03 14:45:49,109 - StockDataService - INFO -   - 조회일: 20250903
2025-09-03 14:45:49,109 - StockDataService - INFO -   - 종목명: SG글로벌
2025-09-03 14:45:49,131 - StockDataService - ERROR -   - 데이터 가져오기 실패: Length mismatch: Expected axis has 7 elements, new values have 6 elements
2025-09-03 14:45:49,131 - StockDataService - WARNING - ❌ 한국주철관(A000970) - 20250903 데이터 없음
2025-09-03 14:45:49,132 - StockDataService - INFO - 🔄 (46) DB하이텍(A000990) 20250903 데이터 수집 중...
2025-09-03 14:45:49,135 - StockDataService - ERROR -   - 데이터 가져오기 실패: Length mismatch: Expected axis has 7 elements, new values have 6 elements
2025-09-03 14:45:49,136 - StockDataService - INFO -   - 주가 데이터 가져오기 시도 중...
2025-09-03 14:45:49,136 - StockDataService - WARNING - ❌ 삼천당제약(A000250) - 20250903 데이터 없음
2025-09-03 14:45:49,136 - StockDataService - INFO -   - 조회일: 20250903
2025-09-03 14:45:49,136 - StockDataService - INFO - 🔄 (16) 기아(A000270) 20250903 데이터 수집 중...
2025-09-03 14:45:49,136 - StockDataService - INFO -   - 종목명: 유한양행
2025-09-03 14:45:49,154 - StockDataService - INFO -   - 주가 데이터 가져오기 시도 중...
2025-09-03 14:45:49,154 - StockDataService - INFO -   - 주가 데이터 가져오기 시도 중...
2025-09-03 14:45:49,154 - StockDataService - INFO -   - 조회일: 20250903
2025-09-03 14:45:49,154 - StockDataService - INFO -   - 조회일: 20250903
2025-09-03 14:45:49,154 - StockDataService - INFO -   - 종목명: SK증권
2025-09-03 14:45:49,154 - StockDataService - INFO -   - 종목명: SK네트웍스
2025-09-03 14:45:49,172 - StockDataService - ERROR -   - 데이터 가져오기 실패: Length mismatch: Expected axis has 7 elements, new values have 6 elements
2025-09-03 14:45:49,172 - StockDataService - WARNING - ❌ 유수홀딩스(A000700) - 20250903 데이터 없음
2025-09-03 14:45:49,172 - StockDataService - INFO - 🔄 (36) 현대건설(A000720) 20250903 데이터 수집 중...
2025-09-03 14:45:49,180 - StockDataService - ERROR -   - 데이터 가져오기 실패: Length mismatch: Expected axis has 7 elements, new values have 6 elements
2025-09-03 14:45:49,182 - StockDataService - ERROR -   - 데이터 가져오기 실패: Length mismatch: Expected axis has 7 elements, new values have 6 elements
2025-09-03 14:45:49,182 - StockDataService - WARNING - ❌ SG글로벌(A001380) - 20250903 데이터 없음
2025-09-03 14:45:49,182 - StockDataService - WARNING - ❌ 국보(A001140) - 20250903 데이터 없음
2025-09-03 14:45:49,182 - StockDataService - INFO - 🔄 (66) KG케미칼(A001390) 20250903 데이터 수집 중...
2025-09-03 14:45:49,182 - StockDataService - INFO - 🔄 (56) 유진투자증권(A001200) 20250903 데이터 수집 중...
2025-09-03 14:45:49,215 - StockDataService - INFO -   - 주가 데이터 가져오기 시도 중...
2025-09-03 14:45:49,215 - StockDataService - INFO -   - 조회일: 20250903
2025-09-03 14:45:49,215 - StockDataService - INFO -   - 종목명: 기아
2025-09-03 14:45:49,221 - StockDataService - INFO -   - 주가 데이터 가져오기 시도 중...
2025-09-03 14:45:49,221 - StockDataService - INFO -   - 조회일: 20250903
2025-09-03 14:45:49,222 - StockDataService - INFO -   - 종목명: 대동
2025-09-03 14:45:49,225 - StockDataService - ERROR -   - 데이터 가져오기 실패: Length mismatch: Expected axis has 7 elements, new values have 6 elements
2025-09-03 14:45:49,227 - StockDataService - ERROR -   - 데이터 가져오기 실패: Length mismatch: Expected axis has 7 elements, new values have 6 elements
2025-09-03 14:45:49,227 - StockDataService - WARNING - ❌ SK증권(A001510) - 20250903 데이터 없음
2025-09-03 14:45:49,227 - StockDataService - WARNING - ❌ 유한양행(A000100) - 20250903 데이터 없음
2025-09-03 14:45:49,227 - StockDataService - INFO - 🔄 (75) 동양(A001520) 20250903 데이터 수집 중...
2025-09-03 14:45:49,227 - StockDataService - INFO - 🔄 (7) CJ대한통운(A000120) 20250903 데이터 수집 중...
2025-09-03 14:45:49,230 - StockDataService - ERROR -   - 데이터 가져오기 실패: Length mismatch: Expected axis has 7 elements, new values have 6 elements
2025-09-03 14:45:49,230 - StockDataService - WARNING - ❌ SK네트웍스(A001740) - 20250903 데이터 없음
2025-09-03 14:45:49,230 - StockDataService - INFO - 🔄 (86) 한양증권(A001750) 20250903 데이터 수집 중...
2025-09-03 14:45:49,234 - StockDataService - INFO -   - 주가 데이터 가져오기 시도 중...
2025-09-03 14:45:49,234 - StockDataService - INFO -   - 조회일: 20250903
2025-09-03 14:45:49,234 - StockDataService - INFO -   - 종목명: 현대건설
2025-09-03 14:45:49,244 - StockDataService - INFO -   - 주가 데이터 가져오기 시도 중...
2025-09-03 14:45:49,244 - StockDataService - INFO -   - 조회일: 20250903
2025-09-03 14:45:49,244 - StockDataService - INFO -   - 종목명: DB하이텍
2025-09-03 14:45:49,245 - StockDataService - INFO -   - 주가 데이터 가져오기 시도 중...
2025-09-03 14:45:49,245 - StockDataService - INFO -   - 조회일: 20250903
2025-09-03 14:45:49,245 - StockDataService - INFO -   - 종목명: 코오롱
2025-09-03 14:45:49,280 - StockDataService - ERROR -   - 데이터 가져오기 실패: Length mismatch: Expected axis has 7 elements, new values have 6 elements
2025-09-03 14:45:49,281 - StockDataService - WARNING - ❌ 기아(A000270) - 20250903 데이터 없음
2025-09-03 14:45:49,281 - StockDataService - INFO - 🔄 (17) DH오토넥스(A000300) 20250903 데이터 수집 중...
2025-09-03 14:45:49,281 - StockDataService - INFO -   - 주가 데이터 가져오기 시도 중...
2025-09-03 14:45:49,281 - StockDataService - INFO -   - 조회일: 20250903
2025-09-03 14:45:49,281 - StockDataService - INFO -   - 종목명: CJ대한통운
2025-09-03 14:45:49,281 - StockDataService - INFO -   - 주가 데이터 가져오기 시도 중...
2025-09-03 14:45:49,281 - StockDataService - INFO -   - 조회일: 20250903
2025-09-03 14:45:49,281 - StockDataService - INFO -   - 종목명: 유진투자증권
2025-09-03 14:45:49,301 - StockDataService - ERROR -   - 데이터 가져오기 실패: Length mismatch: Expected axis has 7 elements, new values have 6 elements
2025-09-03 14:45:49,302 - StockDataService - ERROR -   - 데이터 가져오기 실패: Length mismatch: Expected axis has 7 elements, new values have 6 elements
2025-09-03 14:45:49,303 - StockDataService - WARNING - ❌ 현대건설(A000720) - 20250903 데이터 없음
2025-09-03 14:45:49,303 - StockDataService - WARNING - ❌ 대동(A000490) - 20250903 데이터 없음
2025-09-03 14:45:49,303 - StockDataService - INFO - 🔄 (37) 이화산업(A000760) 20250903 데이터 수집 중...
2025-09-03 14:45:49,303 - StockDataService - INFO - 🔄 (26) 가온전선(A000500) 20250903 데이터 수집 중...
2025-09-03 14:45:49,305 - StockDataService - ERROR -   - 데이터 가져오기 실패: Length mismatch: Expected axis has 7 elements, new values have 6 elements
2025-09-03 14:45:49,305 - StockDataService - WARNING - ❌ 코오롱(A002020) - 20250903 데이터 없음
2025-09-03 14:45:49,305 - StockDataService - INFO - 🔄 (96) 아세아(A002030) 20250903 데이터 수집 중...
2025-09-03 14:45:49,321 - StockDataService - ERROR -   - 데이터 가져오기 실패: Length mismatch: Expected axis has 7 elements, new values have 6 elements
2025-09-03 14:45:49,321 - StockDataService - WARNING - ❌ DB하이텍(A000990) - 20250903 데이터 없음
2025-09-03 14:45:49,321 - StockDataService - INFO - 🔄 (47) 신라섬유(A001000) 20250903 데이터 수집 중...
2025-09-03 14:45:49,360 - StockDataService - INFO -   - 주가 데이터 가져오기 시도 중...
2025-09-03 14:45:49,360 - StockDataService - INFO -   - 조회일: 20250903
2025-09-03 14:45:49,360 - StockDataService - INFO -   - 종목명: 동양
2025-09-03 14:45:49,367 - StockDataService - ERROR -   - 데이터 가져오기 실패: Length mismatch: Expected axis has 7 elements, new values have 6 elements
2025-09-03 14:45:49,368 - StockDataService - ERROR -   - 데이터 가져오기 실패: Length mismatch: Expected axis has 7 elements, new values have 6 elements
2025-09-03 14:45:49,368 - StockDataService - WARNING - ❌ CJ대한통운(A000120) - 20250903 데이터 없음
2025-09-03 14:45:49,368 - StockDataService - WARNING - ❌ 유진투자증권(A001200) - 20250903 데이터 없음
2025-09-03 14:45:49,368 - StockDataService - INFO - 🔄 (8) 하이트진로홀딩스(A000140) 20250903 데이터 수집 중...
2025-09-03 14:45:49,368 - StockDataService - INFO - 🔄 (57) 금호전기(A001210) 20250903 데이터 수집 중...
2025-09-03 14:45:49,375 - StockDataService - INFO -   - 주가 데이터 가져오기 시도 중...
2025-09-03 14:45:49,375 - StockDataService - INFO -   - 조회일: 20250903
2025-09-03 14:45:49,375 - StockDataService - INFO -   - 종목명: KG케미칼
2025-09-03 14:45:49,383 - StockDataService - INFO -   - 주가 데이터 가져오기 시도 중...
2025-09-03 14:45:49,383 - StockDataService - INFO -   - 조회일: 20250903
2025-09-03 14:45:49,383 - StockDataService - INFO -   - 종목명: 한양증권
2025-09-03 14:45:49,417 - StockDataService - INFO -   - 주가 데이터 가져오기 시도 중...
2025-09-03 14:45:49,417 - StockDataService - INFO -   - 조회일: 20250903
2025-09-03 14:45:49,418 - StockDataService - INFO -   - 종목명: 신라섬유
2025-09-03 14:45:49,424 - StockDataService - INFO -   - 주가 데이터 가져오기 시도 중...
2025-09-03 14:45:49,424 - StockDataService - INFO -   - 조회일: 20250903
2025-09-03 14:45:49,424 - StockDataService - INFO -   - 종목명: 하이트진로홀딩스
2025-09-03 14:45:49,430 - StockDataService - INFO -   - 주가 데이터 가져오기 시도 중...
2025-09-03 14:45:49,430 - StockDataService - INFO -   - 조회일: 20250903
2025-09-03 14:45:49,430 - StockDataService - INFO -   - 종목명: DH오토넥스
2025-09-03 14:45:49,434 - StockDataService - INFO -   - 주가 데이터 가져오기 시도 중...
2025-09-03 14:45:49,434 - StockDataService - INFO -   - 조회일: 20250903
2025-09-03 14:45:49,434 - StockDataService - INFO -   - 종목명: 아세아
2025-09-03 14:45:49,436 - StockDataService - INFO -   - 주가 데이터 가져오기 시도 중...
2025-09-03 14:45:49,436 - StockDataService - INFO -   - 조회일: 20250903
2025-09-03 14:45:49,437 - StockDataService - INFO -   - 종목명: 가온전선
2025-09-03 14:45:49,504 - StockDataService - INFO -   - 주가 데이터 가져오기 시도 중...
2025-09-03 14:45:49,504 - StockDataService - INFO -   - 조회일: 20250903
2025-09-03 14:45:49,504 - StockDataService - INFO -   - 종목명: 이화산업
2025-09-03 14:45:49,517 - StockDataService - ERROR -   - 데이터 가져오기 실패: Length mismatch: Expected axis has 7 elements, new values have 6 elements
2025-09-03 14:45:49,523 - StockDataService - ERROR -   - 데이터 가져오기 실패: Length mismatch: Expected axis has 7 elements, new values have 6 elements
2025-09-03 14:45:49,524 - StockDataService - ERROR -   - 데이터 가져오기 실패: Length mismatch: Expected axis has 7 elements, new values have 6 elements
2025-09-03 14:45:49,525 - StockDataService - ERROR -   - 데이터 가져오기 실패: Length mismatch: Expected axis has 7 elements, new values have 6 elements
2025-09-03 14:45:49,525 - StockDataService - WARNING - ❌ 가온전선(A000500) - 20250903 데이터 없음
2025-09-03 14:45:49,525 - StockDataService - WARNING - ❌ 하이트진로홀딩스(A000140) - 20250903 데이터 없음
2025-09-03 14:45:49,525 - StockDataService - WARNING - ❌ 신라섬유(A001000) - 20250903 데이터 없음
2025-09-03 14:45:49,525 - StockDataService - WARNING - ❌ 동양(A001520) - 20250903 데이터 없음
2025-09-03 14:45:49,525 - StockDataService - INFO - 🔄 (27) 삼일제약(A000520) 20250903 데이터 수집 중...
2025-09-03 14:45:49,525 - StockDataService - INFO - 🔄 (9) 두산(A000150) 20250903 데이터 수집 중...
2025-09-03 14:45:49,525 - StockDataService - INFO - 🔄 (48) 페이퍼코리아(A001020) 20250903 데이터 수집 중...
2025-09-03 14:45:49,525 - StockDataService - INFO - 🔄 (76) DI동일(A001530) 20250903 데이터 수집 중...
2025-09-03 14:45:49,546 - StockDataService - ERROR -   - 데이터 가져오기 실패: Length mismatch: Expected axis has 7 elements, new values have 6 elements
2025-09-03 14:45:49,548 - StockDataService - ERROR -   - 데이터 가져오기 실패: Length mismatch: Expected axis has 7 elements, new values have 6 elements
2025-09-03 14:45:49,552 - StockDataService - ERROR -   - 데이터 가져오기 실패: Length mismatch: Expected axis has 7 elements, new values have 6 elements
2025-09-03 14:45:49,552 - StockDataService - ERROR -   - 데이터 가져오기 실패: Length mismatch: Expected axis has 7 elements, new values have 6 elements
2025-09-03 14:45:49,552 - StockDataService - INFO -   - 주가 데이터 가져오기 시도 중...
2025-09-03 14:45:49,553 - StockDataService - INFO -   - 조회일: 20250903
2025-09-03 14:45:49,552 - StockDataService - WARNING - ❌ KG케미칼(A001390) - 20250903 데이터 없음
2025-09-03 14:45:49,552 - StockDataService - WARNING - ❌ 아세아(A002030) - 20250903 데이터 없음
2025-09-03 14:45:49,553 - StockDataService - WARNING - ❌ DH오토넥스(A000300) - 20250903 데이터 없음
2025-09-03 14:45:49,553 - StockDataService - INFO -   - 종목명: 금호전기
2025-09-03 14:45:49,552 - StockDataService - WARNING - ❌ 한양증권(A001750) - 20250903 데이터 없음
2025-09-03 14:45:49,553 - StockDataService - INFO - 🔄 (67) 태원물산(A001420) 20250903 데이터 수집 중...
2025-09-03 14:45:49,553 - StockDataService - INFO - 🔄 (97) 비비안(A002070) 20250903 데이터 수집 중...
2025-09-03 14:45:49,553 - StockDataService - INFO - 🔄 (18) 노루홀딩스(A000320) 20250903 데이터 수집 중...
2025-09-03 14:45:49,554 - StockDataService - INFO - 🔄 (87) SHD(A001770) 20250903 데이터 수집 중...
2025-09-03 14:45:49,560 - StockDataService - ERROR -   - 데이터 가져오기 실패: Length mismatch: Expected axis has 7 elements, new values have 6 elements
2025-09-03 14:45:49,560 - StockDataService - WARNING - ❌ 이화산업(A000760) - 20250903 데이터 없음
2025-09-03 14:45:49,560 - StockDataService - INFO - 🔄 (38) 삼성화재(A000810) 20250903 데이터 수집 중...
2025-09-03 14:45:49,589 - StockDataService - INFO -   - 주가 데이터 가져오기 시도 중...
2025-09-03 14:45:49,589 - StockDataService - INFO -   - 조회일: 20250903
2025-09-03 14:45:49,589 - StockDataService - INFO -   - 종목명: DI동일
2025-09-03 14:45:49,601 - StockDataService - INFO -   - 주가 데이터 가져오기 시도 중...
2025-09-03 14:45:49,601 - StockDataService - INFO -   - 조회일: 20250903
2025-09-03 14:45:49,601 - StockDataService - INFO -   - 종목명: 페이퍼코리아
2025-09-03 14:45:49,609 - StockDataService - INFO -   - 주가 데이터 가져오기 시도 중...
2025-09-03 14:45:49,609 - StockDataService - INFO -   - 조회일: 20250903
2025-09-03 14:45:49,609 - StockDataService - INFO -   - 종목명: 태원물산
2025-09-03 14:45:49,615 - StockDataService - INFO -   - 주가 데이터 가져오기 시도 중...
2025-09-03 14:45:49,615 - StockDataService - INFO -   - 조회일: 20250903
2025-09-03 14:45:49,615 - StockDataService - INFO -   - 종목명: 두산
2025-09-03 14:45:49,632 - StockDataService - ERROR -   - 데이터 가져오기 실패: Length mismatch: Expected axis has 7 elements, new values have 6 elements
2025-09-03 14:45:49,632 - StockDataService - WARNING - ❌ 금호전기(A001210) - 20250903 데이터 없음
2025-09-03 14:45:49,633 - StockDataService - INFO - 🔄 (58) 동국홀딩스(A001230) 20250903 데이터 수집 중...
2025-09-03 14:45:49,664 - StockDataService - INFO -   - 주가 데이터 가져오기 시도 중...
2025-09-03 14:45:49,664 - StockDataService - INFO -   - 조회일: 20250903
2025-09-03 14:45:49,665 - StockDataService - INFO -   - 종목명: 삼일제약
2025-09-03 14:45:49,674 - StockDataService - ERROR -   - 데이터 가져오기 실패: Length mismatch: Expected axis has 7 elements, new values have 6 elements
2025-09-03 14:45:49,676 - StockDataService - ERROR -   - 데이터 가져오기 실패: Length mismatch: Expected axis has 7 elements, new values have 6 elements
2025-09-03 14:45:49,676 - StockDataService - WARNING - ❌ 페이퍼코리아(A001020) - 20250903 데이터 없음
2025-09-03 14:45:49,676 - StockDataService - WARNING - ❌ DI동일(A001530) - 20250903 데이터 없음
2025-09-03 14:45:49,676 - StockDataService - INFO - 🔄 (49) CJ(A001040) 20250903 데이터 수집 중...
2025-09-03 14:45:49,676 - StockDataService - INFO - 🔄 (77) 안국약품(A001540) 20250903 데이터 수집 중...
2025-09-03 14:45:49,696 - StockDataService - ERROR -   - 데이터 가져오기 실패: Length mismatch: Expected axis has 7 elements, new values have 6 elements
2025-09-03 14:45:49,698 - StockDataService - ERROR -   - 데이터 가져오기 실패: Length mismatch: Expected axis has 7 elements, new values have 6 elements
2025-09-03 14:45:49,698 - StockDataService - WARNING - ❌ 두산(A000150) - 20250903 데이터 없음
2025-09-03 14:45:49,698 - StockDataService - WARNING - ❌ 태원물산(A001420) - 20250903 데이터 없음
2025-09-03 14:45:49,698 - StockDataService - INFO - 🔄 (10) 성창기업지주(A000180) 20250903 데이터 수집 중...
2025-09-03 14:45:49,698 - StockDataService - INFO - 🔄 (68) 세아베스틸지주(A001430) 20250903 데이터 수집 중...
2025-09-03 14:45:49,729 - StockDataService - INFO -   - 주가 데이터 가져오기 시도 중...
2025-09-03 14:45:49,729 - StockDataService - INFO -   - 조회일: 20250903
2025-09-03 14:45:49,729 - StockDataService - INFO -   - 종목명: 삼성화재
2025-09-03 14:45:49,741 - StockDataService - INFO -   - 주가 데이터 가져오기 시도 중...
2025-09-03 14:45:49,741 - StockDataService - INFO -   - 주가 데이터 가져오기 시도 중...
2025-09-03 14:45:49,742 - StockDataService - INFO -   - 조회일: 20250903
2025-09-03 14:45:49,742 - StockDataService - INFO -   - 조회일: 20250903
2025-09-03 14:45:49,742 - StockDataService - INFO -   - 종목명: SHD
2025-09-03 14:45:49,742 - StockDataService - INFO -   - 종목명: 노루홀딩스
2025-09-03 14:45:49,747 - StockDataService - INFO -   - 주가 데이터 가져오기 시도 중...
2025-09-03 14:45:49,747 - StockDataService - INFO -   - 조회일: 20250903
2025-09-03 14:45:49,748 - StockDataService - INFO -   - 종목명: 동국홀딩스
2025-09-03 14:45:49,752 - StockDataService - ERROR -   - 데이터 가져오기 실패: Length mismatch: Expected axis has 7 elements, new values have 6 elements
2025-09-03 14:45:49,752 - StockDataService - WARNING - ❌ 삼일제약(A000520) - 20250903 데이터 없음
2025-09-03 14:45:49,752 - StockDataService - INFO - 🔄 (28) 흥국화재(A000540) 20250903 데이터 수집 중...
2025-09-03 14:45:49,752 - StockDataService - INFO -   - 주가 데이터 가져오기 시도 중...
2025-09-03 14:45:49,752 - StockDataService - INFO -   - 조회일: 20250903
2025-09-03 14:45:49,752 - StockDataService - INFO -   - 종목명: 비비안
2025-09-03 14:45:49,801 - StockDataService - ERROR -   - 데이터 가져오기 실패: Length mismatch: Expected axis has 7 elements, new values have 6 elements
2025-09-03 14:45:49,801 - StockDataService - INFO -   - 주가 데이터 가져오기 시도 중...
2025-09-03 14:45:49,801 - StockDataService - WARNING - ❌ 삼성화재(A000810) - 20250903 데이터 없음
2025-09-03 14:45:49,801 - StockDataService - INFO -   - 조회일: 20250903
2025-09-03 14:45:49,802 - StockDataService - INFO - 🔄 (39) 화천기공(A000850) 20250903 데이터 수집 중...
2025-09-03 14:45:49,802 - StockDataService - INFO -   - 종목명: 세아베스틸지주
2025-09-03 14:45:49,805 - StockDataService - INFO -   - 주가 데이터 가져오기 시도 중...
2025-09-03 14:45:49,805 - StockDataService - INFO -   - 조회일: 20250903
2025-09-03 14:45:49,805 - StockDataService - INFO -   - 종목명: CJ
2025-09-03 14:45:49,817 - StockDataService - INFO -   - 주가 데이터 가져오기 시도 중...
2025-09-03 14:45:49,817 - StockDataService - INFO -   - 조회일: 20250903
2025-09-03 14:45:49,817 - StockDataService - INFO -   - 종목명: 흥국화재
2025-09-03 14:45:49,819 - StockDataService - INFO -   - 주가 데이터 가져오기 시도 중...
2025-09-03 14:45:49,819 - StockDataService - INFO -   - 조회일: 20250903
2025-09-03 14:45:49,819 - StockDataService - INFO -   - 종목명: 안국약품
2025-09-03 14:45:49,825 - StockDataService - ERROR -   - 데이터 가져오기 실패: Length mismatch: Expected axis has 7 elements, new values have 6 elements
2025-09-03 14:45:49,826 - StockDataService - ERROR -   - 데이터 가져오기 실패: Length mismatch: Expected axis has 7 elements, new values have 6 elements
2025-09-03 14:45:49,826 - StockDataService - WARNING - ❌ SHD(A001770) - 20250903 데이터 없음
2025-09-03 14:45:49,826 - StockDataService - ERROR -   - 데이터 가져오기 실패: Length mismatch: Expected axis has 7 elements, new values have 6 elements
2025-09-03 14:45:49,827 - StockDataService - WARNING - ❌ 노루홀딩스(A000320) - 20250903 데이터 없음
2025-09-03 14:45:49,827 - StockDataService - INFO - 🔄 (88) 알루코(A001780) 20250903 데이터 수집 중...
2025-09-03 14:45:49,827 - StockDataService - WARNING - ❌ 동국홀딩스(A001230) - 20250903 데이터 없음
2025-09-03 14:45:49,827 - StockDataService - INFO - 🔄 (19) 한화손해보험(A000370) 20250903 데이터 수집 중...
2025-09-03 14:45:49,827 - StockDataService - INFO - 🔄 (59) GS글로벌(A001250) 20250903 데이터 수집 중...
2025-09-03 14:45:49,831 - StockDataService - INFO -   - 주가 데이터 가져오기 시도 중...
2025-09-03 14:45:49,831 - StockDataService - INFO -   - 조회일: 20250903
2025-09-03 14:45:49,831 - StockDataService - INFO -   - 종목명: 성창기업지주
2025-09-03 14:45:49,835 - StockDataService - ERROR -   - 데이터 가져오기 실패: Length mismatch: Expected axis has 7 elements, new values have 6 elements
2025-09-03 14:45:49,835 - StockDataService - WARNING - ❌ 비비안(A002070) - 20250903 데이터 없음
2025-09-03 14:45:49,835 - StockDataService - INFO - 🔄 (98) 경농(A002100) 20250903 데이터 수집 중...
2025-09-03 14:45:49,871 - StockDataService - INFO -   - 주가 데이터 가져오기 시도 중...
2025-09-03 14:45:49,872 - StockDataService - INFO -   - 조회일: 20250903
2025-09-03 14:45:49,872 - StockDataService - INFO -   - 종목명: 화천기공
2025-09-03 14:45:49,881 - StockDataService - ERROR -   - 데이터 가져오기 실패: Length mismatch: Expected axis has 7 elements, new values have 6 elements
2025-09-03 14:45:49,883 - StockDataService - ERROR -   - 데이터 가져오기 실패: Length mismatch: Expected axis has 7 elements, new values have 6 elements
2025-09-03 14:45:49,883 - StockDataService - WARNING - ❌ 세아베스틸지주(A001430) - 20250903 데이터 없음
2025-09-03 14:45:49,883 - StockDataService - WARNING - ❌ CJ(A001040) - 20250903 데이터 없음
2025-09-03 14:45:49,883 - StockDataService - INFO - 🔄 (69) 대한전선(A001440) 20250903 데이터 수집 중...
2025-09-03 14:45:49,883 - StockDataService - INFO - 🔄 (50) JW중외제약(A001060) 20250903 데이터 수집 중...
2025-09-03 14:45:49,890 - StockDataService - INFO -   - 주가 데이터 가져오기 시도 중...
2025-09-03 14:45:49,892 - StockDataService - INFO -   - 조회일: 20250903
2025-09-03 14:45:49,892 - StockDataService - ERROR -   - 데이터 가져오기 실패: Length mismatch: Expected axis has 7 elements, new values have 6 elements
2025-09-03 14:45:49,892 - StockDataService - ERROR -   - 데이터 가져오기 실패: Length mismatch: Expected axis has 7 elements, new values have 6 elements
2025-09-03 14:45:49,892 - StockDataService - INFO -   - 종목명: 알루코
2025-09-03 14:45:49,892 - StockDataService - WARNING - ❌ 흥국화재(A000540) - 20250903 데이터 없음
2025-09-03 14:45:49,892 - StockDataService - WARNING - ❌ 안국약품(A001540) - 20250903 데이터 없음
2025-09-03 14:45:49,893 - StockDataService - INFO - 🔄 (29) CS홀딩스(A000590) 20250903 데이터 수집 중...
2025-09-03 14:45:49,893 - StockDataService - INFO - 🔄 (78) 조비(A001550) 20250903 데이터 수집 중...
2025-09-03 14:45:49,920 - StockDataService - ERROR -   - 데이터 가져오기 실패: Length mismatch: Expected axis has 7 elements, new values have 6 elements
2025-09-03 14:45:49,920 - StockDataService - WARNING - ❌ 성창기업지주(A000180) - 20250903 데이터 없음
2025-09-03 14:45:49,920 - StockDataService - INFO - 🔄 (101) 삼양통상(A002170) 20250903 데이터 수집 중...
2025-09-03 14:45:49,950 - StockDataService - ERROR -   - 데이터 가져오기 실패: Length mismatch: Expected axis has 7 elements, new values have 6 elements
2025-09-03 14:45:49,950 - StockDataService - WARNING - ❌ 화천기공(A000850) - 20250903 데이터 없음
2025-09-03 14:45:49,951 - StockDataService - INFO - 🔄 (40) 강남제비스코(A000860) 20250903 데이터 수집 중...
2025-09-03 14:45:49,960 - StockDataService - INFO -   - 주가 데이터 가져오기 시도 중...
2025-09-03 14:45:49,960 - StockDataService - INFO -   - 조회일: 20250903
2025-09-03 14:45:49,960 - StockDataService - INFO -   - 종목명: 대한전선
2025-09-03 14:45:49,970 - StockDataService - ERROR -   - 데이터 가져오기 실패: Length mismatch: Expected axis has 7 elements, new values have 6 elements
2025-09-03 14:45:49,971 - StockDataService - WARNING - ❌ 알루코(A001780) - 20250903 데이터 없음
2025-09-03 14:45:49,971 - StockDataService - INFO - 🔄 (89) 대한제당(A001790) 20250903 데이터 수집 중...
2025-09-03 14:45:49,983 - StockDataService - INFO -   - 주가 데이터 가져오기 시도 중...
2025-09-03 14:45:49,983 - StockDataService - INFO -   - 조회일: 20250903
2025-09-03 14:45:49,983 - StockDataService - INFO -   - 종목명: 한화손해보험
2025-09-03 14:45:49,987 - StockDataService - INFO -   - 주가 데이터 가져오기 시도 중...
2025-09-03 14:45:49,987 - StockDataService - INFO -   - 조회일: 20250903
2025-09-03 14:45:49,987 - StockDataService - INFO -   - 종목명: GS글로벌
2025-09-03 14:45:49,999 - StockDataService - INFO -   - 주가 데이터 가져오기 시도 중...
2025-09-03 14:45:50,000 - StockDataService - INFO -   - 조회일: 20250903
2025-09-03 14:45:50,000 - StockDataService - INFO -   - 종목명: 경농
2025-09-03 14:45:50,003 - StockDataService - INFO -   - 주가 데이터 가져오기 시도 중...
2025-09-03 14:45:50,003 - StockDataService - INFO -   - 조회일: 20250903
2025-09-03 14:45:50,003 - StockDataService - INFO -   - 종목명: 강남제비스코
2025-09-03 14:45:50,041 - StockDataService - ERROR -   - 데이터 가져오기 실패: Length mismatch: Expected axis has 7 elements, new values have 6 elements
2025-09-03 14:45:50,041 - StockDataService - WARNING - ❌ 대한전선(A001440) - 20250903 데이터 없음
2025-09-03 14:45:50,041 - StockDataService - INFO - 🔄 (70) 현대해상(A001450) 20250903 데이터 수집 중...
2025-09-03 14:45:50,056 - StockDataService - ERROR -   - 데이터 가져오기 실패: Length mismatch: Expected axis has 7 elements, new values have 6 elements
2025-09-03 14:45:50,056 - StockDataService - INFO -   - 주가 데이터 가져오기 시도 중...
2025-09-03 14:45:50,058 - StockDataService - ERROR -   - 데이터 가져오기 실패: Length mismatch: Expected axis has 7 elements, new values have 6 elements
2025-09-03 14:45:50,058 - StockDataService - WARNING - ❌ GS글로벌(A001250) - 20250903 데이터 없음
2025-09-03 14:45:50,058 - StockDataService - INFO -   - 조회일: 20250903
2025-09-03 14:45:50,058 - StockDataService - WARNING - ❌ 한화손해보험(A000370) - 20250903 데이터 없음
2025-09-03 14:45:50,058 - StockDataService - INFO - 🔄 (60) 남광토건(A001260) 20250903 데이터 수집 중...
2025-09-03 14:45:50,059 - StockDataService - INFO -   - 종목명: 삼양통상
2025-09-03 14:45:50,059 - StockDataService - INFO - 🔄 (20) 삼화페인트(A000390) 20250903 데이터 수집 중...
2025-09-03 14:45:50,062 - StockDataService - INFO -   - 주가 데이터 가져오기 시도 중...
2025-09-03 14:45:50,062 - StockDataService - INFO -   - 조회일: 20250903
2025-09-03 14:45:50,062 - StockDataService - INFO -   - 종목명: JW중외제약
2025-09-03 14:45:50,075 - StockDataService - ERROR -   - 데이터 가져오기 실패: Length mismatch: Expected axis has 7 elements, new values have 6 elements
2025-09-03 14:45:50,075 - StockDataService - INFO -   - 주가 데이터 가져오기 시도 중...
2025-09-03 14:45:50,075 - StockDataService - WARNING - ❌ 강남제비스코(A000860) - 20250903 데이터 없음
2025-09-03 14:45:50,075 - StockDataService - INFO -   - 조회일: 20250903
2025-09-03 14:45:50,076 - StockDataService - INFO - 🔄 (111) SH에너지화학(A002360) 20250903 데이터 수집 중...
2025-09-03 14:45:50,076 - StockDataService - INFO -   - 종목명: 조비
2025-09-03 14:45:50,080 - StockDataService - ERROR -   - 데이터 가져오기 실패: Length mismatch: Expected axis has 7 elements, new values have 6 elements
2025-09-03 14:45:50,080 - StockDataService - WARNING - ❌ 경농(A002100) - 20250903 데이터 없음
2025-09-03 14:45:50,080 - StockDataService - INFO - 🔄 (99) 고려산업(A002140) 20250903 데이터 수집 중...
2025-09-03 14:45:50,084 - StockDataService - INFO -   - 주가 데이터 가져오기 시도 중...
2025-09-03 14:45:50,084 - StockDataService - INFO -   - 조회일: 20250903
2025-09-03 14:45:50,084 - StockDataService - INFO -   - 종목명: CS홀딩스
2025-09-03 14:45:50,119 - StockDataService - INFO -   - 주가 데이터 가져오기 시도 중...
2025-09-03 14:45:50,120 - StockDataService - INFO -   - 조회일: 20250903
2025-09-03 14:45:50,120 - StockDataService - INFO -   - 종목명: 대한제당
2025-09-03 14:45:50,131 - StockDataService - ERROR -   - 데이터 가져오기 실패: Length mismatch: Expected axis has 7 elements, new values have 6 elements
2025-09-03 14:45:50,132 - StockDataService - ERROR -   - 데이터 가져오기 실패: Length mismatch: Expected axis has 7 elements, new values have 6 elements
2025-09-03 14:45:50,132 - StockDataService - WARNING - ❌ JW중외제약(A001060) - 20250903 데이터 없음
2025-09-03 14:45:50,132 - StockDataService - WARNING - ❌ 삼양통상(A002170) - 20250903 데이터 없음
2025-09-03 14:45:50,133 - StockDataService - INFO - 🔄 (121) 한탑(A002680) 20250903 데이터 수집 중...
2025-09-03 14:45:50,133 - StockDataService - INFO - 🔄 (102) 한국수출포장(A002200) 20250903 데이터 수집 중...
2025-09-03 14:45:50,162 - StockDataService - ERROR -   - 데이터 가져오기 실패: Length mismatch: Expected axis has 7 elements, new values have 6 elements
2025-09-03 14:45:50,162 - StockDataService - WARNING - ❌ 조비(A001550) - 20250903 데이터 없음
2025-09-03 14:45:50,162 - StockDataService - INFO - 🔄 (79) 제일연마(A001560) 20250903 데이터 수집 중...
2025-09-03 14:45:50,170 - StockDataService - INFO -   - 주가 데이터 가져오기 시도 중...
2025-09-03 14:45:50,170 - StockDataService - INFO -   - 조회일: 20250903
2025-09-03 14:45:50,170 - StockDataService - ERROR -   - 데이터 가져오기 실패: Length mismatch: Expected axis has 7 elements, new values have 6 elements
2025-09-03 14:45:50,171 - StockDataService - INFO -   - 종목명: SH에너지화학
2025-09-03 14:45:50,171 - StockDataService - WARNING - ❌ CS홀딩스(A000590) - 20250903 데이터 없음
2025-09-03 14:45:50,171 - StockDataService - INFO - 🔄 (30) 동아쏘시오홀딩스(A000640) 20250903 데이터 수집 중...
2025-09-03 14:45:50,188 - StockDataService - INFO -   - 주가 데이터 가져오기 시도 중...
2025-09-03 14:45:50,188 - StockDataService - INFO -   - 조회일: 20250903
2025-09-03 14:45:50,188 - StockDataService - INFO -   - 종목명: 남광토건
2025-09-03 14:45:50,188 - StockDataService - INFO -   - 주가 데이터 가져오기 시도 중...
2025-09-03 14:45:50,189 - StockDataService - INFO -   - 조회일: 20250903
2025-09-03 14:45:50,189 - StockDataService - INFO -   - 종목명: 삼화페인트
2025-09-03 14:45:50,190 - StockDataService - INFO -   - 주가 데이터 가져오기 시도 중...
2025-09-03 14:45:50,190 - StockDataService - INFO -   - 조회일: 20250903
2025-09-03 14:45:50,190 - StockDataService - INFO -   - 종목명: 현대해상
2025-09-03 14:45:50,210 - StockDataService - ERROR -   - 데이터 가져오기 실패: Length mismatch: Expected axis has 7 elements, new values have 6 elements
2025-09-03 14:45:50,210 - StockDataService - WARNING - ❌ 대한제당(A001790) - 20250903 데이터 없음
2025-09-03 14:45:50,210 - StockDataService - INFO - 🔄 (90) 오리온홀딩스(A001800) 20250903 데이터 수집 중...
2025-09-03 14:45:50,216 - StockDataService - INFO -   - 주가 데이터 가져오기 시도 중...
2025-09-03 14:45:50,216 - StockDataService - INFO -   - 조회일: 20250903
2025-09-03 14:45:50,216 - StockDataService - INFO -   - 종목명: 고려산업
2025-09-03 14:45:50,234 - StockDataService - INFO -   - 주가 데이터 가져오기 시도 중...
2025-09-03 14:45:50,234 - StockDataService - INFO -   - 조회일: 20250903
2025-09-03 14:45:50,234 - StockDataService - INFO -   - 종목명: 동아쏘시오홀딩스
2025-09-03 14:45:50,262 - StockDataService - ERROR -   - 데이터 가져오기 실패: Length mismatch: Expected axis has 7 elements, new values have 6 elements
2025-09-03 14:45:50,262 - StockDataService - WARNING - ❌ 남광토건(A001260) - 20250903 데이터 없음
2025-09-03 14:45:50,263 - StockDataService - INFO - 🔄 (131) SUN&L(A002820) 20250903 데이터 수집 중...
2025-09-03 14:45:50,267 - StockDataService - ERROR -   - 데이터 가져오기 실패: Length mismatch: Expected axis has 7 elements, new values have 6 elements
2025-09-03 14:45:50,269 - StockDataService - ERROR -   - 데이터 가져오기 실패: Length mismatch: Expected axis has 7 elements, new values have 6 elements
2025-09-03 14:45:50,270 - StockDataService - ERROR -   - 데이터 가져오기 실패: Length mismatch: Expected axis has 7 elements, new values have 6 elements
2025-09-03 14:45:50,270 - StockDataService - WARNING - ❌ 현대해상(A001450) - 20250903 데이터 없음
2025-09-03 14:45:50,270 - StockDataService - WARNING - ❌ 삼화페인트(A000390) - 20250903 데이터 없음
2025-09-03 14:45:50,270 - StockDataService - WARNING - ❌ SH에너지화학(A002360) - 20250903 데이터 없음
2025-09-03 14:45:50,270 - StockDataService - INFO - 🔄 (141) 세아제강지주(A003030) 20250903 데이터 수집 중...
2025-09-03 14:45:50,270 - StockDataService - INFO - 🔄 (151) 삼양식품(A003230) 20250903 데이터 수집 중...
2025-09-03 14:45:50,270 - StockDataService - INFO - 🔄 (112) KCC(A002380) 20250903 데이터 수집 중...
2025-09-03 14:45:50,298 - StockDataService - INFO -   - 주가 데이터 가져오기 시도 중...
2025-09-03 14:45:50,298 - StockDataService - INFO -   - 조회일: 20250903
2025-09-03 14:45:50,298 - StockDataService - INFO -   - 종목명: 한탑
2025-09-03 14:45:50,308 - StockDataService - INFO -   - 주가 데이터 가져오기 시도 중...
2025-09-03 14:45:50,308 - StockDataService - INFO -   - 조회일: 20250903
2025-09-03 14:45:50,308 - StockDataService - INFO -   - 종목명: 오리온홀딩스
2025-09-03 14:45:50,309 - StockDataService - INFO -   - 주가 데이터 가져오기 시도 중...
2025-09-03 14:45:50,309 - StockDataService - INFO -   - 조회일: 20250903
2025-09-03 14:45:50,310 - StockDataService - INFO -   - 종목명: 제일연마
2025-09-03 14:45:50,311 - StockDataService - INFO -   - 주가 데이터 가져오기 시도 중...
2025-09-03 14:45:50,311 - StockDataService - INFO -   - 조회일: 20250903
2025-09-03 14:45:50,311 - StockDataService - INFO -   - 종목명: 한국수출포장
2025-09-03 14:45:50,318 - StockDataService - ERROR -   - 데이터 가져오기 실패: Length mismatch: Expected axis has 7 elements, new values have 6 elements
2025-09-03 14:45:50,318 - StockDataService - ERROR -   - 데이터 가져오기 실패: Length mismatch: Expected axis has 7 elements, new values have 6 elements
2025-09-03 14:45:50,318 - StockDataService - WARNING - ❌ 고려산업(A002140) - 20250903 데이터 없음
2025-09-03 14:45:50,319 - StockDataService - WARNING - ❌ 동아쏘시오홀딩스(A000640) - 20250903 데이터 없음
2025-09-03 14:45:50,319 - StockDataService - INFO - 🔄 (100) 도화엔지니어링(A002150) 20250903 데이터 수집 중...
2025-09-03 14:45:50,319 - StockDataService - INFO - 🔄 (161) 대한항공(A003490) 20250903 데이터 수집 중...
2025-09-03 14:45:50,360 - StockDataService - INFO -   - 주가 데이터 가져오기 시도 중...
2025-09-03 14:45:50,360 - StockDataService - INFO -   - 조회일: 20250903
2025-09-03 14:45:50,360 - StockDataService - INFO -   - 종목명: 세아제강지주
2025-09-03 14:45:50,370 - StockDataService - ERROR -   - 데이터 가져오기 실패: Length mismatch: Expected axis has 7 elements, new values have 6 elements
2025-09-03 14:45:50,370 - StockDataService - WARNING - ❌ 한탑(A002680) - 20250903 데이터 없음
2025-09-03 14:45:50,371 - StockDataService - INFO - 🔄 (122) 동일제강(A002690) 20250903 데이터 수집 중...
2025-09-03 14:45:50,372 - StockDataService - INFO -   - 주가 데이터 가져오기 시도 중...
2025-09-03 14:45:50,372 - StockDataService - INFO -   - 조회일: 20250903
2025-09-03 14:45:50,373 - StockDataService - INFO -   - 종목명: SUN&L
2025-09-03 14:45:50,383 - StockDataService - INFO -   - 주가 데이터 가져오기 시도 중...
2025-09-03 14:45:50,383 - StockDataService - INFO -   - 조회일: 20250903
2025-09-03 14:45:50,383 - StockDataService - INFO -   - 종목명: 삼양식품
2025-09-03 14:45:50,384 - StockDataService - INFO -   - 주가 데이터 가져오기 시도 중...
2025-09-03 14:45:50,384 - StockDataService - INFO -   - 조회일: 20250903
2025-09-03 14:45:50,384 - StockDataService - INFO -   - 종목명: 도화엔지니어링
2025-09-03 14:45:50,401 - StockDataService - ERROR -   - 데이터 가져오기 실패: Length mismatch: Expected axis has 7 elements, new values have 6 elements
2025-09-03 14:45:50,403 - StockDataService - ERROR -   - 데이터 가져오기 실패: Length mismatch: Expected axis has 7 elements, new values have 6 elements
2025-09-03 14:45:50,405 - StockDataService - ERROR -   - 데이터 가져오기 실패: Length mismatch: Expected axis has 7 elements, new values have 6 elements
2025-09-03 14:45:50,405 - StockDataService - WARNING - ❌ 한국수출포장(A002200) - 20250903 데이터 없음
2025-09-03 14:45:50,405 - StockDataService - WARNING - ❌ 제일연마(A001560) - 20250903 데이터 없음
2025-09-03 14:45:50,405 - StockDataService - WARNING - ❌ 오리온홀딩스(A001800) - 20250903 데이터 없음
2025-09-03 14:45:50,405 - StockDataService - INFO - 🔄 (103) 동성제약(A002210) 20250903 데이터 수집 중...
2025-09-03 14:45:50,405 - StockDataService - INFO - 🔄 (80) 금양(A001570) 20250903 데이터 수집 중...
2025-09-03 14:45:50,405 - StockDataService - INFO - 🔄 (171) 미창석유(A003650) 20250903 데이터 수집 중...
2025-09-03 14:45:50,455 - StockDataService - ERROR -   - 데이터 가져오기 실패: Length mismatch: Expected axis has 7 elements, new values have 6 elements
2025-09-03 14:45:50,457 - StockDataService - ERROR -   - 데이터 가져오기 실패: Length mismatch: Expected axis has 7 elements, new values have 6 elements
2025-09-03 14:45:50,458 - StockDataService - ERROR -   - 데이터 가져오기 실패: Length mismatch: Expected axis has 7 elements, new values have 6 elements
2025-09-03 14:45:50,459 - StockDataService - ERROR -   - 데이터 가져오기 실패: Length mismatch: Expected axis has 7 elements, new values have 6 elements
2025-09-03 14:45:50,459 - StockDataService - WARNING - ❌ SUN&L(A002820) - 20250903 데이터 없음
2025-09-03 14:45:50,459 - StockDataService - WARNING - ❌ 세아제강지주(A003030) - 20250903 데이터 없음
2025-09-03 14:45:50,459 - StockDataService - WARNING - ❌ 도화엔지니어링(A002150) - 20250903 데이터 없음
2025-09-03 14:45:50,459 - StockDataService - WARNING - ❌ 삼양식품(A003230) - 20250903 데이터 없음
2025-09-03 14:45:50,459 - StockDataService - INFO - 🔄 (132) 미원상사(A002840) 20250903 데이터 수집 중...
2025-09-03 14:45:50,459 - StockDataService - INFO - 🔄 (142) 에이프로젠바이오로직스(A003060) 20250903 데이터 수집 중...
2025-09-03 14:45:50,459 - StockDataService - INFO - 🔄 (181) 사조대림(A003960) 20250903 데이터 수집 중...
2025-09-03 14:45:50,459 - StockDataService - INFO - 🔄 (152) 태광산업(A003240) 20250903 데이터 수집 중...
2025-09-03 14:45:50,474 - StockDataService - INFO -   - 주가 데이터 가져오기 시도 중...
2025-09-03 14:45:50,475 - StockDataService - INFO -   - 조회일: 20250903
2025-09-03 14:45:50,475 - StockDataService - INFO -   - 종목명: KCC
2025-09-03 14:45:50,475 - StockDataService - INFO -   - 주가 데이터 가져오기 시도 중...
2025-09-03 14:45:50,475 - StockDataService - INFO -   - 조회일: 20250903
2025-09-03 14:45:50,476 - StockDataService - INFO -   - 종목명: 대한항공
2025-09-03 14:45:50,529 - StockDataService - INFO -   - 주가 데이터 가져오기 시도 중...
2025-09-03 14:45:50,529 - StockDataService - INFO -   - 조회일: 20250903
2025-09-03 14:45:50,529 - StockDataService - INFO -   - 종목명: 미원상사
2025-09-03 14:45:50,529 - StockDataService - INFO -   - 주가 데이터 가져오기 시도 중...
2025-09-03 14:45:50,531 - StockDataService - INFO -   - 조회일: 20250903
2025-09-03 14:45:50,531 - StockDataService - INFO -   - 종목명: 사조대림
2025-09-03 14:45:50,550 - StockDataService - INFO -   - 주가 데이터 가져오기 시도 중...
2025-09-03 14:45:50,550 - StockDataService - INFO -   - 조회일: 20250903
2025-09-03 14:45:50,551 - StockDataService - INFO -   - 종목명: 미창석유
2025-09-03 14:45:50,553 - StockDataService - INFO -   - 주가 데이터 가져오기 시도 중...
2025-09-03 14:45:50,553 - StockDataService - INFO -   - 조회일: 20250903
2025-09-03 14:45:50,553 - StockDataService - INFO -   - 종목명: 에이프로젠바이오로직스
2025-09-03 14:45:50,568 - StockDataService - INFO -   - 주가 데이터 가져오기 시도 중...
2025-09-03 14:45:50,569 - StockDataService - INFO -   - 주가 데이터 가져오기 시도 중...
2025-09-03 14:45:50,569 - StockDataService - INFO -   - 조회일: 20250903
2025-09-03 14:45:50,569 - StockDataService - ERROR -   - 데이터 가져오기 실패: Length mismatch: Expected axis has 7 elements, new values have 6 elements
2025-09-03 14:45:50,569 - StockDataService - INFO -   - 주가 데이터 가져오기 시도 중...
2025-09-03 14:45:50,570 - StockDataService - ERROR -   - 데이터 가져오기 실패: Length mismatch: Expected axis has 7 elements, new values have 6 elements
2025-09-03 14:45:50,570 - StockDataService - INFO -   - 조회일: 20250903
2025-09-03 14:45:50,570 - StockDataService - INFO -   - 종목명: 태광산업
2025-09-03 14:45:50,570 - StockDataService - WARNING - ❌ KCC(A002380) - 20250903 데이터 없음
2025-09-03 14:45:50,570 - StockDataService - INFO -   - 조회일: 20250903
2025-09-03 14:45:50,570 - StockDataService - WARNING - ❌ 대한항공(A003490) - 20250903 데이터 없음
2025-09-03 14:45:50,570 - StockDataService - INFO -   - 종목명: 동성제약
2025-09-03 14:45:50,571 - StockDataService - INFO - 🔄 (113) 한독(A002390) 20250903 데이터 수집 중...
2025-09-03 14:45:50,571 - StockDataService - INFO -   - 종목명: 동일제강
2025-09-03 14:45:50,571 - StockDataService - INFO - 🔄 (162) 영진약품(A003520) 20250903 데이터 수집 중...
2025-09-03 14:45:50,600 - StockDataService - INFO -   - 주가 데이터 가져오기 시도 중...
2025-09-03 14:45:50,600 - StockDataService - INFO -   - 조회일: 20250903
2025-09-03 14:45:50,600 - StockDataService - INFO -   - 종목명: 금양
2025-09-03 14:45:50,605 - StockDataService - ERROR -   - 데이터 가져오기 실패: Length mismatch: Expected axis has 7 elements, new values have 6 elements
2025-09-03 14:45:50,605 - StockDataService - WARNING - ❌ 사조대림(A003960) - 20250903 데이터 없음
2025-09-03 14:45:50,605 - StockDataService - INFO - 🔄 (182) 롯데정밀화학(A004000) 20250903 데이터 수집 중...
2025-09-03 14:45:50,607 - StockDataService - ERROR -   - 데이터 가져오기 실패: Length mismatch: Expected axis has 7 elements, new values have 6 elements
2025-09-03 14:45:50,607 - StockDataService - WARNING - ❌ 미원상사(A002840) - 20250903 데이터 없음
2025-09-03 14:45:50,607 - StockDataService - INFO - 🔄 (133) 신풍(A002870) 20250903 데이터 수집 중...
2025-09-03 14:45:50,627 - StockDataService - ERROR -   - 데이터 가져오기 실패: Length mismatch: Expected axis has 7 elements, new values have 6 elements
2025-09-03 14:45:50,627 - StockDataService - ERROR -   - 데이터 가져오기 실패: Length mismatch: Expected axis has 7 elements, new values have 6 elements
2025-09-03 14:45:50,627 - StockDataService - WARNING - ❌ 미창석유(A003650) - 20250903 데이터 없음
2025-09-03 14:45:50,627 - StockDataService - WARNING - ❌ 에이프로젠바이오로직스(A003060) - 20250903 데이터 없음
2025-09-03 14:45:50,627 - StockDataService - INFO - 🔄 (172) 포스코퓨처엠(A003670) 20250903 데이터 수집 중...
2025-09-03 14:45:50,627 - StockDataService - INFO - 🔄 (143) 코오롱글로벌(A003070) 20250903 데이터 수집 중...
2025-09-03 14:45:50,634 - StockDataService - INFO -   - 주가 데이터 가져오기 시도 중...
2025-09-03 14:45:50,634 - StockDataService - INFO -   - 조회일: 20250903
2025-09-03 14:45:50,634 - StockDataService - INFO -   - 종목명: 한독
2025-09-03 14:45:50,651 - StockDataService - ERROR -   - 데이터 가져오기 실패: Length mismatch: Expected axis has 7 elements, new values have 6 elements
2025-09-03 14:45:50,653 - StockDataService - ERROR -   - 데이터 가져오기 실패: Length mismatch: Expected axis has 7 elements, new values have 6 elements
2025-09-03 14:45:50,654 - StockDataService - WARNING - ❌ 동성제약(A002210) - 20250903 데이터 없음
2025-09-03 14:45:50,654 - StockDataService - ERROR -   - 데이터 가져오기 실패: Length mismatch: Expected axis has 7 elements, new values have 6 elements
2025-09-03 14:45:50,654 - StockDataService - WARNING - ❌ 태광산업(A003240) - 20250903 데이터 없음
2025-09-03 14:45:50,655 - StockDataService - INFO - 🔄 (104) 한일철강(A002220) 20250903 데이터 수집 중...
2025-09-03 14:45:50,655 - StockDataService - WARNING - ❌ 동일제강(A002690) - 20250903 데이터 없음
2025-09-03 14:45:50,655 - StockDataService - INFO - 🔄 (153) 흥아해운(A003280) 20250903 데이터 수집 중...
2025-09-03 14:45:50,655 - StockDataService - INFO - 🔄 (123) 신일전자(A002700) 20250903 데이터 수집 중...
2025-09-03 14:45:50,659 - StockDataService - INFO -   - 주가 데이터 가져오기 시도 중...
2025-09-03 14:45:50,659 - StockDataService - INFO -   - 조회일: 20250903
2025-09-03 14:45:50,659 - StockDataService - INFO -   - 종목명: 롯데정밀화학
2025-09-03 14:45:50,691 - StockDataService - ERROR -   - 데이터 가져오기 실패: Length mismatch: Expected axis has 7 elements, new values have 6 elements
2025-09-03 14:45:50,691 - StockDataService - WARNING - ❌ 금양(A001570) - 20250903 데이터 없음
2025-09-03 14:45:50,691 - StockDataService - INFO - 🔄 (191) NPC(A004250) 20250903 데이터 수집 중...
2025-09-03 14:45:50,727 - StockDataService - INFO -   - 주가 데이터 가져오기 시도 중...
2025-09-03 14:45:50,727 - StockDataService - INFO -   - 주가 데이터 가져오기 시도 중...
2025-09-03 14:45:50,727 - StockDataService - INFO -   - 조회일: 20250903
2025-09-03 14:45:50,727 - StockDataService - INFO -   - 조회일: 20250903
2025-09-03 14:45:50,727 - StockDataService - INFO -   - 종목명: 코오롱글로벌
2025-09-03 14:45:50,727 - StockDataService - INFO -   - 종목명: 영진약품
2025-09-03 14:45:50,738 - StockDataService - ERROR -   - 데이터 가져오기 실패: Length mismatch: Expected axis has 7 elements, new values have 6 elements
2025-09-03 14:45:50,738 - StockDataService - ERROR -   - 데이터 가져오기 실패: Length mismatch: Expected axis has 7 elements, new values have 6 elements
2025-09-03 14:45:50,738 - StockDataService - WARNING - ❌ 한독(A002390) - 20250903 데이터 없음
2025-09-03 14:45:50,739 - StockDataService - WARNING - ❌ 롯데정밀화학(A004000) - 20250903 데이터 없음
2025-09-03 14:45:50,739 - StockDataService - INFO - 🔄 (114) 범양건영(A002410) 20250903 데이터 수집 중...
2025-09-03 14:45:50,739 - StockDataService - INFO - 🔄 (183) 현대제철(A004020) 20250903 데이터 수집 중...
2025-09-03 14:45:50,744 - StockDataService - INFO -   - 주가 데이터 가져오기 시도 중...
2025-09-03 14:45:50,744 - StockDataService - INFO -   - 조회일: 20250903
2025-09-03 14:45:50,745 - StockDataService - INFO -   - 종목명: NPC
2025-09-03 14:45:50,753 - StockDataService - INFO -   - 주가 데이터 가져오기 시도 중...
2025-09-03 14:45:50,753 - StockDataService - INFO -   - 조회일: 20250903
2025-09-03 14:45:50,754 - StockDataService - INFO -   - 종목명: 한일철강
2025-09-03 14:45:50,785 - StockDataService - INFO -   - 주가 데이터 가져오기 시도 중...
2025-09-03 14:45:50,785 - StockDataService - INFO -   - 조회일: 20250903
2025-09-03 14:45:50,785 - StockDataService - INFO -   - 종목명: 포스코퓨처엠
2025-09-03 14:45:50,790 - StockDataService - INFO -   - 주가 데이터 가져오기 시도 중...
2025-09-03 14:45:50,791 - StockDataService - INFO -   - 조회일: 20250903
2025-09-03 14:45:50,791 - StockDataService - INFO -   - 종목명: 신풍
2025-09-03 14:45:50,811 - StockDataService - ERROR -   - 데이터 가져오기 실패: Length mismatch: Expected axis has 7 elements, new values have 6 elements
2025-09-03 14:45:50,811 - StockDataService - WARNING - ❌ 영진약품(A003520) - 20250903 데이터 없음
2025-09-03 14:45:50,811 - StockDataService - INFO - 🔄 (163) 한화투자증권(A003530) 20250903 데이터 수집 중...
2025-09-03 14:45:50,815 - StockDataService - ERROR -   - 데이터 가져오기 실패: Length mismatch: Expected axis has 7 elements, new values have 6 elements
2025-09-03 14:45:50,815 - StockDataService - WARNING - ❌ 코오롱글로벌(A003070) - 20250903 데이터 없음
2025-09-03 14:45:50,815 - StockDataService - INFO - 🔄 (144) SB성보(A003080) 20250903 데이터 수집 중...
2025-09-03 14:45:50,829 - StockDataService - ERROR -   - 데이터 가져오기 실패: Length mismatch: Expected axis has 7 elements, new values have 6 elements
2025-09-03 14:45:50,829 - StockDataService - WARNING - ❌ NPC(A004250) - 20250903 데이터 없음
2025-09-03 14:45:50,831 - StockDataService - ERROR -   - 데이터 가져오기 실패: Length mismatch: Expected axis has 7 elements, new values have 6 elements
2025-09-03 14:45:50,831 - StockDataService - INFO - 🔄 (192) 남성(A004270) 20250903 데이터 수집 중...
2025-09-03 14:45:50,831 - StockDataService - WARNING - ❌ 한일철강(A002220) - 20250903 데이터 없음
2025-09-03 14:45:50,831 - StockDataService - INFO - 🔄 (105) 피에스텍(A002230) 20250903 데이터 수집 중...
2025-09-03 14:45:50,833 - StockDataService - INFO -   - 주가 데이터 가져오기 시도 중...
2025-09-03 14:45:50,834 - StockDataService - INFO -   - 조회일: 20250903
2025-09-03 14:45:50,834 - StockDataService - INFO -   - 종목명: 신일전자
2025-09-03 14:45:50,857 - StockDataService - INFO -   - 주가 데이터 가져오기 시도 중...
2025-09-03 14:45:50,857 - StockDataService - INFO -   - 조회일: 20250903
2025-09-03 14:45:50,857 - StockDataService - INFO -   - 종목명: 흥아해운
2025-09-03 14:45:50,865 - StockDataService - ERROR -   - 데이터 가져오기 실패: Length mismatch: Expected axis has 7 elements, new values have 6 elements
2025-09-03 14:45:50,865 - StockDataService - WARNING - ❌ 신풍(A002870) - 20250903 데이터 없음
2025-09-03 14:45:50,865 - StockDataService - INFO - 🔄 (134) 대유에이텍(A002880) 20250903 데이터 수집 중...
2025-09-03 14:45:50,871 - StockDataService - ERROR -   - 데이터 가져오기 실패: Length mismatch: Expected axis has 7 elements, new values have 6 elements
2025-09-03 14:45:50,871 - StockDataService - WARNING - ❌ 포스코퓨처엠(A003670) - 20250903 데이터 없음
2025-09-03 14:45:50,871 - StockDataService - INFO - 🔄 (173) 한성기업(A003680) 20250903 데이터 수집 중...
2025-09-03 14:45:50,878 - StockDataService - INFO -   - 주가 데이터 가져오기 시도 중...
2025-09-03 14:45:50,878 - StockDataService - INFO -   - 조회일: 20250903
2025-09-03 14:45:50,878 - StockDataService - INFO -   - 종목명: 범양건영
2025-09-03 14:45:50,886 - StockDataService - INFO -   - 주가 데이터 가져오기 시도 중...
2025-09-03 14:45:50,886 - StockDataService - INFO -   - 조회일: 20250903
2025-09-03 14:45:50,887 - StockDataService - INFO -   - 종목명: SB성보
2025-09-03 14:45:50,890 - StockDataService - INFO -   - 주가 데이터 가져오기 시도 중...
2025-09-03 14:45:50,890 - StockDataService - INFO -   - 조회일: 20250903
2025-09-03 14:45:50,890 - StockDataService - INFO -   - 종목명: 현대제철
2025-09-03 14:45:50,920 - StockDataService - ERROR -   - 데이터 가져오기 실패: Length mismatch: Expected axis has 7 elements, new values have 6 elements
2025-09-03 14:45:50,920 - StockDataService - WARNING - ❌ 신일전자(A002700) - 20250903 데이터 없음
2025-09-03 14:45:50,920 - StockDataService - INFO - 🔄 (124) TCC스틸(A002710) 20250903 데이터 수집 중...
2025-09-03 14:45:50,929 - StockDataService - ERROR -   - 데이터 가져오기 실패: Length mismatch: Expected axis has 7 elements, new values have 6 elements
2025-09-03 14:45:50,929 - StockDataService - WARNING - ❌ 흥아해운(A003280) - 20250903 데이터 없음
2025-09-03 14:45:50,929 - StockDataService - INFO - 🔄 (154) 한일홀딩스(A003300) 20250903 데이터 수집 중...
2025-09-03 14:45:50,942 - StockDataService - INFO -   - 주가 데이터 가져오기 시도 중...
2025-09-03 14:45:50,942 - StockDataService - INFO -   - 조회일: 20250903
2025-09-03 14:45:50,942 - StockDataService - INFO -   - 종목명: 피에스텍
2025-09-03 14:45:50,943 - StockDataService - INFO -   - 주가 데이터 가져오기 시도 중...
2025-09-03 14:45:50,943 - StockDataService - INFO -   - 조회일: 20250903
2025-09-03 14:45:50,944 - StockDataService - INFO -   - 종목명: 남성
2025-09-03 14:45:50,949 - StockDataService - INFO -   - 주가 데이터 가져오기 시도 중...
2025-09-03 14:45:50,949 - StockDataService - INFO -   - 조회일: 20250903
2025-09-03 14:45:50,949 - StockDataService - INFO -   - 종목명: 한화투자증권
2025-09-03 14:45:50,955 - StockDataService - ERROR -   - 데이터 가져오기 실패: Length mismatch: Expected axis has 7 elements, new values have 6 elements
2025-09-03 14:45:50,955 - StockDataService - WARNING - ❌ 범양건영(A002410) - 20250903 데이터 없음
2025-09-03 14:45:50,955 - StockDataService - INFO - 🔄 (115) 세기상사(A002420) 20250903 데이터 수집 중...
2025-09-03 14:45:50,965 - StockDataService - ERROR -   - 데이터 가져오기 실패: Length mismatch: Expected axis has 7 elements, new values have 6 elements
2025-09-03 14:45:50,966 - StockDataService - ERROR -   - 데이터 가져오기 실패: Length mismatch: Expected axis has 7 elements, new values have 6 elements
2025-09-03 14:45:50,966 - StockDataService - WARNING - ❌ 현대제철(A004020) - 20250903 데이터 없음
2025-09-03 14:45:50,966 - StockDataService - WARNING - ❌ SB성보(A003080) - 20250903 데이터 없음
2025-09-03 14:45:50,966 - StockDataService - INFO - 🔄 (184) SG세계물산(A004060) 20250903 데이터 수집 중...
2025-09-03 14:45:50,966 - StockDataService - INFO - 🔄 (145) 대웅(A003090) 20250903 데이터 수집 중...
2025-09-03 14:45:50,983 - StockDataService - INFO -   - 주가 데이터 가져오기 시도 중...
2025-09-03 14:45:50,983 - StockDataService - INFO -   - 조회일: 20250903
2025-09-03 14:45:50,983 - StockDataService - INFO -   - 종목명: 한성기업
2025-09-03 14:45:50,999 - StockDataService - ERROR -   - 데이터 가져오기 실패: Length mismatch: Expected axis has 7 elements, new values have 6 elements
2025-09-03 14:45:50,999 - StockDataService - WARNING - ❌ 남성(A004270) - 20250903 데이터 없음
2025-09-03 14:45:50,999 - StockDataService - INFO - 🔄 (193) 현대약품(A004310) 20250903 데이터 수집 중...
2025-09-03 14:45:51,014 - StockDataService - ERROR -   - 데이터 가져오기 실패: Length mismatch: Expected axis has 7 elements, new values have 6 elements
2025-09-03 14:45:51,014 - StockDataService - WARNING - ❌ 피에스텍(A002230) - 20250903 데이터 없음
2025-09-03 14:45:51,014 - StockDataService - INFO - 🔄 (106) 고려제강(A002240) 20250903 데이터 수집 중...
2025-09-03 14:45:51,036 - StockDataService - INFO -   - 주가 데이터 가져오기 시도 중...
2025-09-03 14:45:51,036 - StockDataService - INFO -   - 조회일: 20250903
2025-09-03 14:45:51,036 - StockDataService - INFO -   - 종목명: 대웅
2025-09-03 14:45:51,039 - StockDataService - ERROR -   - 데이터 가져오기 실패: Length mismatch: Expected axis has 7 elements, new values have 6 elements
2025-09-03 14:45:51,039 - StockDataService - WARNING - ❌ 한화투자증권(A003530) - 20250903 데이터 없음
2025-09-03 14:45:51,040 - StockDataService - INFO - 🔄 (164) 대신증권(A003540) 20250903 데이터 수집 중...
2025-09-03 14:45:51,044 - StockDataService - ERROR -   - 데이터 가져오기 실패: Length mismatch: Expected axis has 7 elements, new values have 6 elements
2025-09-03 14:45:51,044 - StockDataService - WARNING - ❌ 한성기업(A003680) - 20250903 데이터 없음
2025-09-03 14:45:51,044 - StockDataService - INFO - 🔄 (174) 코리안리(A003690) 20250903 데이터 수집 중...
2025-09-03 14:45:51,051 - StockDataService - INFO -   - 주가 데이터 가져오기 시도 중...
2025-09-03 14:45:51,051 - StockDataService - INFO -   - 조회일: 20250903
2025-09-03 14:45:51,051 - StockDataService - INFO -   - 종목명: SG세계물산
2025-09-03 14:45:51,063 - StockDataService - INFO -   - 주가 데이터 가져오기 시도 중...
2025-09-03 14:45:51,063 - StockDataService - INFO -   - 조회일: 20250903
2025-09-03 14:45:51,063 - StockDataService - INFO -   - 종목명: 대유에이텍
2025-09-03 14:45:51,098 - StockDataService - INFO -   - 주가 데이터 가져오기 시도 중...
2025-09-03 14:45:51,098 - StockDataService - INFO -   - 조회일: 20250903
2025-09-03 14:45:51,098 - StockDataService - INFO -   - 종목명: 대신증권
2025-09-03 14:45:51,106 - StockDataService - INFO -   - 주가 데이터 가져오기 시도 중...
2025-09-03 14:45:51,106 - StockDataService - INFO -   - 조회일: 20250903
2025-09-03 14:45:51,107 - StockDataService - INFO -   - 종목명: 한일홀딩스
2025-09-03 14:45:51,110 - StockDataService - ERROR -   - 데이터 가져오기 실패: Length mismatch: Expected axis has 7 elements, new values have 6 elements
2025-09-03 14:45:51,110 - StockDataService - WARNING - ❌ 대웅(A003090) - 20250903 데이터 없음
2025-09-03 14:45:51,110 - StockDataService - INFO - 🔄 (146) 선광(A003100) 20250903 데이터 수집 중...
2025-09-03 14:45:51,111 - StockDataService - INFO -   - 주가 데이터 가져오기 시도 중...
2025-09-03 14:45:51,111 - StockDataService - INFO -   - 주가 데이터 가져오기 시도 중...
2025-09-03 14:45:51,111 - StockDataService - INFO -   - 조회일: 20250903
2025-09-03 14:45:51,111 - StockDataService - INFO -   - 조회일: 20250903
2025-09-03 14:45:51,111 - StockDataService - INFO -   - 종목명: 세기상사
2025-09-03 14:45:51,111 - StockDataService - INFO -   - 종목명: TCC스틸
2025-09-03 14:45:51,131 - StockDataService - ERROR -   - 데이터 가져오기 실패: Length mismatch: Expected axis has 7 elements, new values have 6 elements
2025-09-03 14:45:51,133 - StockDataService - ERROR -   - 데이터 가져오기 실패: Length mismatch: Expected axis has 7 elements, new values have 6 elements
2025-09-03 14:45:51,133 - StockDataService - WARNING - ❌ SG세계물산(A004060) - 20250903 데이터 없음
2025-09-03 14:45:51,133 - StockDataService - WARNING - ❌ 대유에이텍(A002880) - 20250903 데이터 없음
2025-09-03 14:45:51,133 - StockDataService - INFO - 🔄 (185) 신흥(A004080) 20250903 데이터 수집 중...
2025-09-03 14:45:51,133 - StockDataService - INFO - 🔄 (135) TYM(A002900) 20250903 데이터 수집 중...
2025-09-03 14:45:51,147 - StockDataService - INFO -   - 주가 데이터 가져오기 시도 중...
2025-09-03 14:45:51,147 - StockDataService - INFO -   - 조회일: 20250903
2025-09-03 14:45:51,147 - StockDataService - INFO -   - 종목명: 현대약품
2025-09-03 14:45:51,177 - StockDataService - ERROR -   - 데이터 가져오기 실패: Length mismatch: Expected axis has 7 elements, new values have 6 elements
2025-09-03 14:45:51,179 - StockDataService - ERROR -   - 데이터 가져오기 실패: Length mismatch: Expected axis has 7 elements, new values have 6 elements
2025-09-03 14:45:51,179 - StockDataService - INFO -   - 주가 데이터 가져오기 시도 중...
2025-09-03 14:45:51,180 - StockDataService - WARNING - ❌ TCC스틸(A002710) - 20250903 데이터 없음
2025-09-03 14:45:51,181 - StockDataService - ERROR -   - 데이터 가져오기 실패: Length mismatch: Expected axis has 7 elements, new values have 6 elements
2025-09-03 14:45:51,182 - StockDataService - ERROR -   - 데이터 가져오기 실패: Length mismatch: Expected axis has 7 elements, new values have 6 elements
2025-09-03 14:45:51,182 - StockDataService - WARNING - ❌ 한일홀딩스(A003300) - 20250903 데이터 없음
2025-09-03 14:45:51,182 - StockDataService - INFO -   - 조회일: 20250903
2025-09-03 14:45:51,183 - StockDataService - INFO - 🔄 (125) 국제약품(A002720) 20250903 데이터 수집 중...
2025-09-03 14:45:51,183 - StockDataService - WARNING - ❌ 대신증권(A003540) - 20250903 데이터 없음
2025-09-03 14:45:51,183 - StockDataService - WARNING - ❌ 세기상사(A002420) - 20250903 데이터 없음
2025-09-03 14:45:51,183 - StockDataService - INFO - 🔄 (155) 대주산업(A003310) 20250903 데이터 수집 중...
2025-09-03 14:45:51,183 - StockDataService - INFO -   - 종목명: 선광
2025-09-03 14:45:51,183 - StockDataService - INFO - 🔄 (165) LG(A003550) 20250903 데이터 수집 중...
2025-09-03 14:45:51,183 - StockDataService - INFO - 🔄 (116) 삼익악기(A002450) 20250903 데이터 수집 중...
2025-09-03 14:45:51,195 - StockDataService - INFO -   - 주가 데이터 가져오기 시도 중...
2025-09-03 14:45:51,195 - StockDataService - INFO -   - 주가 데이터 가져오기 시도 중...
2025-09-03 14:45:51,195 - StockDataService - INFO -   - 조회일: 20250903
2025-09-03 14:45:51,195 - StockDataService - INFO -   - 조회일: 20250903
2025-09-03 14:45:51,196 - StockDataService - INFO -   - 종목명: 고려제강
2025-09-03 14:45:51,196 - StockDataService - INFO -   - 종목명: 코리안리
2025-09-03 14:45:51,217 - StockDataService - INFO -   - 주가 데이터 가져오기 시도 중...
2025-09-03 14:45:51,217 - StockDataService - INFO -   - 조회일: 20250903
2025-09-03 14:45:51,217 - StockDataService - INFO -   - 종목명: 신흥
2025-09-03 14:45:51,225 - StockDataService - ERROR -   - 데이터 가져오기 실패: Length mismatch: Expected axis has 7 elements, new values have 6 elements
2025-09-03 14:45:51,225 - StockDataService - WARNING - ❌ 현대약품(A004310) - 20250903 데이터 없음
2025-09-03 14:45:51,225 - StockDataService - INFO - 🔄 (194) 세방(A004360) 20250903 데이터 수집 중...
2025-09-03 14:45:51,250 - StockDataService - INFO -   - 주가 데이터 가져오기 시도 중...
2025-09-03 14:45:51,250 - StockDataService - INFO -   - 조회일: 20250903
2025-09-03 14:45:51,250 - StockDataService - INFO -   - 종목명: TYM
2025-09-03 14:45:51,267 - StockDataService - INFO -   - 주가 데이터 가져오기 시도 중...
2025-09-03 14:45:51,267 - StockDataService - INFO -   - 주가 데이터 가져오기 시도 중...
2025-09-03 14:45:51,267 - StockDataService - INFO -   - 조회일: 20250903
2025-09-03 14:45:51,267 - StockDataService - INFO -   - 조회일: 20250903
2025-09-03 14:45:51,267 - StockDataService - INFO -   - 종목명: 삼익악기
2025-09-03 14:45:51,267 - StockDataService - INFO -   - 종목명: 대주산업
2025-09-03 14:45:51,286 - StockDataService - ERROR -   - 데이터 가져오기 실패: Length mismatch: Expected axis has 7 elements, new values have 6 elements
2025-09-03 14:45:51,288 - StockDataService - ERROR -   - 데이터 가져오기 실패: Length mismatch: Expected axis has 7 elements, new values have 6 elements
2025-09-03 14:45:51,289 - StockDataService - ERROR -   - 데이터 가져오기 실패: Length mismatch: Expected axis has 7 elements, new values have 6 elements
2025-09-03 14:45:51,290 - StockDataService - INFO -   - 주가 데이터 가져오기 시도 중...
2025-09-03 14:45:51,290 - StockDataService - WARNING - ❌ 코리안리(A003690) - 20250903 데이터 없음
2025-09-03 14:45:51,290 - StockDataService - WARNING - ❌ 선광(A003100) - 20250903 데이터 없음
2025-09-03 14:45:51,290 - StockDataService - WARNING - ❌ 고려제강(A002240) - 20250903 데이터 없음
2025-09-03 14:45:51,290 - StockDataService - INFO -   - 조회일: 20250903
2025-09-03 14:45:51,290 - StockDataService - INFO - 🔄 (175) 삼영(A003720) 20250903 데이터 수집 중...
2025-09-03 14:45:51,290 - StockDataService - INFO - 🔄 (147) 일성아이에스(A003120) 20250903 데이터 수집 중...
2025-09-03 14:45:51,290 - StockDataService - INFO - 🔄 (107) 삼일기업공사(A002290) 20250903 데이터 수집 중...
2025-09-03 14:45:51,290 - StockDataService - INFO -   - 종목명: 국제약품
2025-09-03 14:45:51,304 - StockDataService - ERROR -   - 데이터 가져오기 실패: Length mismatch: Expected axis has 7 elements, new values have 6 elements
2025-09-03 14:45:51,305 - StockDataService - WARNING - ❌ 신흥(A004080) - 20250903 데이터 없음
2025-09-03 14:45:51,305 - StockDataService - INFO - 🔄 (186) 한국석유(A004090) 20250903 데이터 수집 중...
2025-09-03 14:45:51,315 - StockDataService - ERROR -   - 데이터 가져오기 실패: Length mismatch: Expected axis has 7 elements, new values have 6 elements
2025-09-03 14:45:51,316 - StockDataService - WARNING - ❌ TYM(A002900) - 20250903 데이터 없음
2025-09-03 14:45:51,316 - StockDataService - INFO - 🔄 (136) 유성기업(A002920) 20250903 데이터 수집 중...
2025-09-03 14:45:51,341 - StockDataService - INFO -   - 주가 데이터 가져오기 시도 중...
2025-09-03 14:45:51,341 - StockDataService - INFO -   - 조회일: 20250903
2025-09-03 14:45:51,341 - StockDataService - INFO -   - 종목명: LG
2025-09-03 14:45:51,344 - StockDataService - ERROR -   - 데이터 가져오기 실패: Length mismatch: Expected axis has 7 elements, new values have 6 elements
2025-09-03 14:45:51,345 - StockDataService - WARNING - ❌ 삼익악기(A002450) - 20250903 데이터 없음
2025-09-03 14:45:51,345 - StockDataService - INFO - 🔄 (117) HS화성(A002460) 20250903 데이터 수집 중...
2025-09-03 14:45:51,345 - StockDataService - INFO -   - 주가 데이터 가져오기 시도 중...
2025-09-03 14:45:51,345 - StockDataService - INFO -   - 조회일: 20250903
2025-09-03 14:45:51,345 - StockDataService - INFO -   - 종목명: 삼일기업공사
2025-09-03 14:45:51,347 - StockDataService - ERROR -   - 데이터 가져오기 실패: Length mismatch: Expected axis has 7 elements, new values have 6 elements
2025-09-03 14:45:51,348 - StockDataService - WARNING - ❌ 대주산업(A003310) - 20250903 데이터 없음
2025-09-03 14:45:51,348 - StockDataService - INFO - 🔄 (156) 한국화장품제조(A003350) 20250903 데이터 수집 중...
2025-09-03 14:45:51,365 - StockDataService - ERROR -   - 데이터 가져오기 실패: Length mismatch: Expected axis has 7 elements, new values have 6 elements
2025-09-03 14:45:51,365 - StockDataService - WARNING - ❌ 국제약품(A002720) - 20250903 데이터 없음
2025-09-03 14:45:51,365 - StockDataService - INFO - 🔄 (126) 보락(A002760) 20250903 데이터 수집 중...
2025-09-03 14:45:51,380 - StockDataService - INFO -   - 주가 데이터 가져오기 시도 중...
2025-09-03 14:45:51,380 - StockDataService - INFO -   - 조회일: 20250903
2025-09-03 14:45:51,380 - StockDataService - INFO -   - 종목명: 한국석유
2025-09-03 14:45:51,392 - StockDataService - INFO -   - 주가 데이터 가져오기 시도 중...
2025-09-03 14:45:51,392 - StockDataService - INFO -   - 조회일: 20250903
2025-09-03 14:45:51,392 - StockDataService - INFO -   - 종목명: 삼영
2025-09-03 14:45:51,400 - StockDataService - INFO -   - 주가 데이터 가져오기 시도 중...
2025-09-03 14:45:51,400 - StockDataService - INFO -   - 조회일: 20250903
2025-09-03 14:45:51,400 - StockDataService - INFO -   - 종목명: 세방
2025-09-03 14:45:51,432 - StockDataService - ERROR -   - 데이터 가져오기 실패: Length mismatch: Expected axis has 7 elements, new values have 6 elements
2025-09-03 14:45:51,432 - StockDataService - WARNING - ❌ LG(A003550) - 20250903 데이터 없음
2025-09-03 14:45:51,432 - StockDataService - INFO - 🔄 (166) IHQ(A003560) 20250903 데이터 수집 중...
2025-09-03 14:45:51,435 - StockDataService - ERROR -   - 데이터 가져오기 실패: Length mismatch: Expected axis has 7 elements, new values have 6 elements
2025-09-03 14:45:51,435 - StockDataService - WARNING - ❌ 삼일기업공사(A002290) - 20250903 데이터 없음
2025-09-03 14:45:51,435 - StockDataService - INFO - 🔄 (108) 아세아제지(A002310) 20250903 데이터 수집 중...
2025-09-03 14:45:51,452 - StockDataService - INFO -   - 주가 데이터 가져오기 시도 중...
2025-09-03 14:45:51,453 - StockDataService - INFO -   - 조회일: 20250903
2025-09-03 14:45:51,453 - StockDataService - INFO -   - 종목명: 유성기업
2025-09-03 14:45:51,473 - StockDataService - INFO -   - 주가 데이터 가져오기 시도 중...
2025-09-03 14:45:51,473 - StockDataService - INFO -   - 주가 데이터 가져오기 시도 중...
2025-09-03 14:45:51,473 - StockDataService - INFO -   - 조회일: 20250903
2025-09-03 14:45:51,473 - StockDataService - INFO -   - 조회일: 20250903
2025-09-03 14:45:51,473 - StockDataService - INFO -   - 종목명: 보락
2025-09-03 14:45:51,474 - StockDataService - INFO -   - 주가 데이터 가져오기 시도 중...
2025-09-03 14:45:51,474 - StockDataService - INFO -   - 종목명: 한국화장품제조
2025-09-03 14:45:51,474 - StockDataService - INFO -   - 조회일: 20250903
2025-09-03 14:45:51,475 - StockDataService - INFO -   - 종목명: HS화성
2025-09-03 14:45:51,484 - StockDataService - ERROR -   - 데이터 가져오기 실패: Length mismatch: Expected axis has 7 elements, new values have 6 elements
2025-09-03 14:45:51,484 - StockDataService - ERROR -   - 데이터 가져오기 실패: Length mismatch: Expected axis has 7 elements, new values have 6 elements
2025-09-03 14:45:51,485 - StockDataService - ERROR -   - 데이터 가져오기 실패: Length mismatch: Expected axis has 7 elements, new values have 6 elements
2025-09-03 14:45:51,485 - StockDataService - WARNING - ❌ 삼영(A003720) - 20250903 데이터 없음
2025-09-03 14:45:51,485 - StockDataService - WARNING - ❌ 한국석유(A004090) - 20250903 데이터 없음
2025-09-03 14:45:51,485 - StockDataService - WARNING - ❌ 세방(A004360) - 20250903 데이터 없음
2025-09-03 14:45:51,485 - StockDataService - INFO - 🔄 (176) 진양산업(A003780) 20250903 데이터 수집 중...
2025-09-03 14:45:51,485 - StockDataService - INFO - 🔄 (187) 태양금속(A004100) 20250903 데이터 수집 중...
2025-09-03 14:45:51,485 - StockDataService - INFO -   - 주가 데이터 가져오기 시도 중...
2025-09-03 14:45:51,485 - StockDataService - INFO - 🔄 (195) 농심(A004370) 20250903 데이터 수집 중...
2025-09-03 14:45:51,485 - StockDataService - INFO -   - 조회일: 20250903
2025-09-03 14:45:51,485 - StockDataService - INFO -   - 종목명: 일성아이에스
2025-09-03 14:45:51,519 - StockDataService - ERROR -   - 데이터 가져오기 실패: Length mismatch: Expected axis has 7 elements, new values have 6 elements
2025-09-03 14:45:51,519 - StockDataService - WARNING - ❌ 유성기업(A002920) - 20250903 데이터 없음
2025-09-03 14:45:51,519 - StockDataService - INFO - 🔄 (137) 한국쉘석유(A002960) 20250903 데이터 수집 중...
2025-09-03 14:45:51,539 - StockDataService - ERROR -   - 데이터 가져오기 실패: Length mismatch: Expected axis has 7 elements, new values have 6 elements
2025-09-03 14:45:51,539 - StockDataService - WARNING - ❌ 보락(A002760) - 20250903 데이터 없음
2025-09-03 14:45:51,539 - StockDataService - INFO - 🔄 (127) 진흥기업(A002780) 20250903 데이터 수집 중...
2025-09-03 14:45:51,551 - StockDataService - INFO -   - 주가 데이터 가져오기 시도 중...
2025-09-03 14:45:51,552 - StockDataService - INFO -   - 조회일: 20250903
2025-09-03 14:45:51,552 - StockDataService - INFO -   - 종목명: 태양금속
2025-09-03 14:45:51,560 - StockDataService - ERROR -   - 데이터 가져오기 실패: Length mismatch: Expected axis has 7 elements, new values have 6 elements
2025-09-03 14:45:51,561 - StockDataService - ERROR -   - 데이터 가져오기 실패: Length mismatch: Expected axis has 7 elements, new values have 6 elements
2025-09-03 14:45:51,561 - StockDataService - WARNING - ❌ 한국화장품제조(A003350) - 20250903 데이터 없음
2025-09-03 14:45:51,563 - StockDataService - ERROR -   - 데이터 가져오기 실패: Length mismatch: Expected axis has 7 elements, new values have 6 elements
2025-09-03 14:45:51,563 - StockDataService - WARNING - ❌ 일성아이에스(A003120) - 20250903 데이터 없음
2025-09-03 14:45:51,563 - StockDataService - INFO - 🔄 (157) 하림지주(A003380) 20250903 데이터 수집 중...
2025-09-03 14:45:51,563 - StockDataService - WARNING - ❌ HS화성(A002460) - 20250903 데이터 없음
2025-09-03 14:45:51,563 - StockDataService - INFO - 🔄 (148) 디아이(A003160) 20250903 데이터 수집 중...
2025-09-03 14:45:51,563 - StockDataService - INFO - 🔄 (118) 조흥(A002600) 20250903 데이터 수집 중...
2025-09-03 14:45:51,569 - StockDataService - INFO -   - 주가 데이터 가져오기 시도 중...
2025-09-03 14:45:51,569 - StockDataService - INFO -   - 조회일: 20250903
2025-09-03 14:45:51,569 - StockDataService - INFO -   - 종목명: 농심
2025-09-03 14:45:51,575 - StockDataService - INFO -   - 주가 데이터 가져오기 시도 중...
2025-09-03 14:45:51,575 - StockDataService - INFO -   - 조회일: 20250903
2025-09-03 14:45:51,575 - StockDataService - INFO -   - 종목명: 한국쉘석유
2025-09-03 14:45:51,602 - StockDataService - INFO -   - 주가 데이터 가져오기 시도 중...
2025-09-03 14:45:51,602 - StockDataService - INFO -   - 조회일: 20250903
2025-09-03 14:45:51,602 - StockDataService - INFO -   - 종목명: 진양산업
2025-09-03 14:45:51,614 - StockDataService - ERROR -   - 데이터 가져오기 실패: Length mismatch: Expected axis has 7 elements, new values have 6 elements
2025-09-03 14:45:51,615 - StockDataService - INFO -   - 주가 데이터 가져오기 시도 중...
2025-09-03 14:45:51,615 - StockDataService - WARNING - ❌ 태양금속(A004100) - 20250903 데이터 없음
2025-09-03 14:45:51,615 - StockDataService - INFO -   - 조회일: 20250903
2025-09-03 14:45:51,615 - StockDataService - INFO - 🔄 (188) 동방(A004140) 20250903 데이터 수집 중...
2025-09-03 14:45:51,615 - StockDataService - INFO -   - 종목명: IHQ
2025-09-03 14:45:51,626 - StockDataService - INFO -   - 주가 데이터 가져오기 시도 중...
2025-09-03 14:45:51,626 - StockDataService - INFO -   - 조회일: 20250903
2025-09-03 14:45:51,627 - StockDataService - INFO -   - 종목명: 진흥기업
2025-09-03 14:45:51,634 - StockDataService - INFO -   - 주가 데이터 가져오기 시도 중...
2025-09-03 14:45:51,634 - StockDataService - INFO -   - 조회일: 20250903
2025-09-03 14:45:51,635 - StockDataService - INFO -   - 종목명: 아세아제지
2025-09-03 14:45:51,652 - StockDataService - INFO -   - 주가 데이터 가져오기 시도 중...
2025-09-03 14:45:51,652 - StockDataService - ERROR -   - 데이터 가져오기 실패: Length mismatch: Expected axis has 7 elements, new values have 6 elements
2025-09-03 14:45:51,652 - StockDataService - ERROR -   - 데이터 가져오기 실패: Length mismatch: Expected axis has 7 elements, new values have 6 elements
2025-09-03 14:45:51,652 - StockDataService - INFO -   - 조회일: 20250903
2025-09-03 14:45:51,652 - StockDataService - WARNING - ❌ 농심(A004370) - 20250903 데이터 없음
2025-09-03 14:45:51,652 - StockDataService - WARNING - ❌ 한국쉘석유(A002960) - 20250903 데이터 없음
2025-09-03 14:45:51,652 - StockDataService - INFO -   - 종목명: 디아이
2025-09-03 14:45:51,652 - StockDataService - INFO - 🔄 (196) 삼익THK(A004380) 20250903 데이터 수집 중...
2025-09-03 14:45:51,653 - StockDataService - INFO - 🔄 (138) 금호건설(A002990) 20250903 데이터 수집 중...
2025-09-03 14:45:51,687 - StockDataService - ERROR -   - 데이터 가져오기 실패: Length mismatch: Expected axis has 7 elements, new values have 6 elements
2025-09-03 14:45:51,689 - StockDataService - WARNING - ❌ 진양산업(A003780) - 20250903 데이터 없음
2025-09-03 14:45:51,691 - StockDataService - ERROR -   - 데이터 가져오기 실패: Length mismatch: Expected axis has 7 elements, new values have 6 elements
2025-09-03 14:45:51,691 - StockDataService - ERROR -   - 데이터 가져오기 실패: Length mismatch: Expected axis has 7 elements, new values have 6 elements
2025-09-03 14:45:51,691 - StockDataService - INFO - 🔄 (177) 에이스침대(A003800) 20250903 데이터 수집 중...
2025-09-03 14:45:51,691 - StockDataService - WARNING - ❌ IHQ(A003560) - 20250903 데이터 없음
2025-09-03 14:45:51,691 - StockDataService - WARNING - ❌ 진흥기업(A002780) - 20250903 데이터 없음
2025-09-03 14:45:51,691 - StockDataService - INFO - 🔄 (167) SNT다이내믹스(A003570) 20250903 데이터 수집 중...
2025-09-03 14:45:51,691 - StockDataService - INFO - 🔄 (128) 아모레퍼시픽홀딩스(A002790) 20250903 데이터 수집 중...
2025-09-03 14:45:51,705 - StockDataService - ERROR -   - 데이터 가져오기 실패: Length mismatch: Expected axis has 7 elements, new values have 6 elements
2025-09-03 14:45:51,705 - StockDataService - WARNING - ❌ 아세아제지(A002310) - 20250903 데이터 없음
2025-09-03 14:45:51,705 - StockDataService - INFO - 🔄 (109) 한진(A002320) 20250903 데이터 수집 중...
2025-09-03 14:45:51,725 - StockDataService - ERROR -   - 데이터 가져오기 실패: Length mismatch: Expected axis has 7 elements, new values have 6 elements
2025-09-03 14:45:51,725 - StockDataService - WARNING - ❌ 디아이(A003160) - 20250903 데이터 없음
2025-09-03 14:45:51,725 - StockDataService - INFO - 🔄 (149) 일신방직(A003200) 20250903 데이터 수집 중...
2025-09-03 14:45:51,742 - StockDataService - INFO -   - 주가 데이터 가져오기 시도 중...
2025-09-03 14:45:51,742 - StockDataService - INFO -   - 조회일: 20250903
2025-09-03 14:45:51,742 - StockDataService - INFO -   - 종목명: 조흥
2025-09-03 14:45:51,743 - StockDataService - INFO -   - 주가 데이터 가져오기 시도 중...
2025-09-03 14:45:51,743 - StockDataService - INFO -   - 주가 데이터 가져오기 시도 중...
2025-09-03 14:45:51,743 - StockDataService - INFO -   - 조회일: 20250903
2025-09-03 14:45:51,743 - StockDataService - INFO -   - 조회일: 20250903
2025-09-03 14:45:51,743 - StockDataService - INFO -   - 종목명: 금호건설
2025-09-03 14:45:51,743 - StockDataService - INFO -   - 종목명: 삼익THK
2025-09-03 14:45:51,761 - StockDataService - INFO -   - 주가 데이터 가져오기 시도 중...
2025-09-03 14:45:51,761 - StockDataService - INFO -   - 조회일: 20250903
2025-09-03 14:45:51,761 - StockDataService - INFO -   - 종목명: 하림지주
2025-09-03 14:45:51,762 - StockDataService - INFO -   - 주가 데이터 가져오기 시도 중...
2025-09-03 14:45:51,763 - StockDataService - INFO -   - 조회일: 20250903
2025-09-03 14:45:51,763 - StockDataService - INFO -   - 종목명: 동방
2025-09-03 14:45:51,817 - StockDataService - INFO -   - 주가 데이터 가져오기 시도 중...
2025-09-03 14:45:51,817 - StockDataService - INFO -   - 주가 데이터 가져오기 시도 중...
2025-09-03 14:45:51,817 - StockDataService - INFO -   - 조회일: 20250903
2025-09-03 14:45:51,817 - StockDataService - INFO -   - 조회일: 20250903
2025-09-03 14:45:51,817 - StockDataService - INFO -   - 종목명: 에이스침대
2025-09-03 14:45:51,818 - StockDataService - INFO -   - 종목명: 한진
2025-09-03 14:45:51,846 - StockDataService - ERROR -   - 데이터 가져오기 실패: Length mismatch: Expected axis has 7 elements, new values have 6 elements
2025-09-03 14:45:51,848 - StockDataService - WARNING - ❌ 동방(A004140) - 20250903 데이터 없음
2025-09-03 14:45:51,849 - StockDataService - ERROR -   - 데이터 가져오기 실패: Length mismatch: Expected axis has 7 elements, new values have 6 elements
2025-09-03 14:45:51,849 - StockDataService - ERROR -   - 데이터 가져오기 실패: Length mismatch: Expected axis has 7 elements, new values have 6 elements
2025-09-03 14:45:51,849 - StockDataService - INFO - 🔄 (189) 한솔홀딩스(A004150) 20250903 데이터 수집 중...
2025-09-03 14:45:51,849 - StockDataService - ERROR -   - 데이터 가져오기 실패: Length mismatch: Expected axis has 7 elements, new values have 6 elements
2025-09-03 14:45:51,850 - StockDataService - ERROR -   - 데이터 가져오기 실패: Length mismatch: Expected axis has 7 elements, new values have 6 elements
2025-09-03 14:45:51,850 - StockDataService - WARNING - ❌ 조흥(A002600) - 20250903 데이터 없음
2025-09-03 14:45:51,850 - StockDataService - WARNING - ❌ 하림지주(A003380) - 20250903 데이터 없음
2025-09-03 14:45:51,850 - StockDataService - WARNING - ❌ 금호건설(A002990) - 20250903 데이터 없음
2025-09-03 14:45:51,850 - StockDataService - WARNING - ❌ 삼익THK(A004380) - 20250903 데이터 없음
2025-09-03 14:45:51,850 - StockDataService - INFO - 🔄 (119) 제일파마홀딩스(A002620) 20250903 데이터 수집 중...
2025-09-03 14:45:51,850 - StockDataService - INFO - 🔄 (158) 유화증권(A003460) 20250903 데이터 수집 중...
2025-09-03 14:45:51,850 - StockDataService - INFO - 🔄 (139) 부광약품(A003000) 20250903 데이터 수집 중...
2025-09-03 14:45:51,850 - StockDataService - INFO - 🔄 (197) 서울식품(A004410) 20250903 데이터 수집 중...
2025-09-03 14:45:51,858 - StockDataService - INFO -   - 주가 데이터 가져오기 시도 중...
2025-09-03 14:45:51,858 - StockDataService - INFO -   - 조회일: 20250903
2025-09-03 14:45:51,858 - StockDataService - INFO -   - 종목명: 아모레퍼시픽홀딩스
2025-09-03 14:45:51,879 - StockDataService - INFO -   - 주가 데이터 가져오기 시도 중...
2025-09-03 14:45:51,879 - StockDataService - INFO -   - 주가 데이터 가져오기 시도 중...
2025-09-03 14:45:51,880 - StockDataService - INFO -   - 조회일: 20250903
2025-09-03 14:45:51,880 - StockDataService - INFO -   - 조회일: 20250903
2025-09-03 14:45:51,880 - StockDataService - INFO -   - 종목명: 일신방직
2025-09-03 14:45:51,880 - StockDataService - INFO -   - 종목명: SNT다이내믹스
2025-09-03 14:45:51,900 - StockDataService - ERROR -   - 데이터 가져오기 실패: Length mismatch: Expected axis has 7 elements, new values have 6 elements
2025-09-03 14:45:51,900 - StockDataService - WARNING - ❌ 한진(A002320) - 20250903 데이터 없음
2025-09-03 14:45:51,902 - StockDataService - ERROR -   - 데이터 가져오기 실패: Length mismatch: Expected axis has 7 elements, new values have 6 elements
2025-09-03 14:45:51,902 - StockDataService - INFO - 🔄 (110) 넥센타이어(A002350) 20250903 데이터 수집 중...
2025-09-03 14:45:51,902 - StockDataService - WARNING - ❌ 에이스침대(A003800) - 20250903 데이터 없음
2025-09-03 14:45:51,902 - StockDataService - INFO - 🔄 (178) 대한화섬(A003830) 20250903 데이터 수집 중...
2025-09-03 14:45:51,935 - StockDataService - ERROR -   - 데이터 가져오기 실패: Length mismatch: Expected axis has 7 elements, new values have 6 elements
2025-09-03 14:45:51,935 - StockDataService - INFO -   - 주가 데이터 가져오기 시도 중...
2025-09-03 14:45:51,935 - StockDataService - WARNING - ❌ 아모레퍼시픽홀딩스(A002790) - 20250903 데이터 없음
2025-09-03 14:45:51,935 - StockDataService - INFO -   - 조회일: 20250903
2025-09-03 14:45:51,935 - StockDataService - INFO - 🔄 (129) 신신제약(A002800) 20250903 데이터 수집 중...
2025-09-03 14:45:51,935 - StockDataService - INFO -   - 종목명: 부광약품
2025-09-03 14:45:51,939 - StockDataService - ERROR -   - 데이터 가져오기 실패: Length mismatch: Expected axis has 7 elements, new values have 6 elements
2025-09-03 14:45:51,939 - StockDataService - WARNING - ❌ SNT다이내믹스(A003570) - 20250903 데이터 없음
2025-09-03 14:45:51,939 - StockDataService - INFO - 🔄 (168) HLB글로벌(A003580) 20250903 데이터 수집 중...
2025-09-03 14:45:51,954 - StockDataService - INFO -   - 주가 데이터 가져오기 시도 중...
2025-09-03 14:45:51,954 - StockDataService - INFO -   - 주가 데이터 가져오기 시도 중...
2025-09-03 14:45:51,955 - StockDataService - ERROR -   - 데이터 가져오기 실패: Length mismatch: Expected axis has 7 elements, new values have 6 elements
2025-09-03 14:45:51,955 - StockDataService - INFO -   - 조회일: 20250903
2025-09-03 14:45:51,955 - StockDataService - INFO -   - 조회일: 20250903
2025-09-03 14:45:51,955 - StockDataService - WARNING - ❌ 일신방직(A003200) - 20250903 데이터 없음
2025-09-03 14:45:51,955 - StockDataService - INFO -   - 종목명: 한솔홀딩스
2025-09-03 14:45:51,955 - StockDataService - INFO -   - 종목명: 유화증권
2025-09-03 14:45:51,955 - StockDataService - INFO - 🔄 (150) 대원제약(A003220) 20250903 데이터 수집 중...
2025-09-03 14:45:51,971 - StockDataService - INFO -   - 주가 데이터 가져오기 시도 중...
2025-09-03 14:45:51,971 - StockDataService - INFO -   - 조회일: 20250903
2025-09-03 14:45:51,971 - StockDataService - INFO -   - 종목명: 넥센타이어
2025-09-03 14:45:51,983 - StockDataService - INFO -   - 주가 데이터 가져오기 시도 중...
2025-09-03 14:45:51,983 - StockDataService - INFO -   - 조회일: 20250903
2025-09-03 14:45:51,983 - StockDataService - INFO -   - 종목명: 서울식품
2025-09-03 14:45:52,011 - StockDataService - ERROR -   - 데이터 가져오기 실패: Length mismatch: Expected axis has 7 elements, new values have 6 elements
2025-09-03 14:45:52,011 - StockDataService - WARNING - ❌ 부광약품(A003000) - 20250903 데이터 없음
2025-09-03 14:45:52,011 - StockDataService - INFO - 🔄 (140) 혜인(A003010) 20250903 데이터 수집 중...
2025-09-03 14:45:52,027 - StockDataService - INFO -   - 주가 데이터 가져오기 시도 중...
2025-09-03 14:45:52,027 - StockDataService - INFO -   - 조회일: 20250903
2025-09-03 14:45:52,027 - StockDataService - INFO -   - 종목명: HLB글로벌
2025-09-03 14:45:52,040 - StockDataService - ERROR -   - 데이터 가져오기 실패: Length mismatch: Expected axis has 7 elements, new values have 6 elements
2025-09-03 14:45:52,042 - StockDataService - ERROR -   - 데이터 가져오기 실패: Length mismatch: Expected axis has 7 elements, new values have 6 elements
2025-09-03 14:45:52,042 - StockDataService - WARNING - ❌ 한솔홀딩스(A004150) - 20250903 데이터 없음
2025-09-03 14:45:52,042 - StockDataService - WARNING - ❌ 유화증권(A003460) - 20250903 데이터 없음
2025-09-03 14:45:52,042 - StockDataService - INFO - 🔄 (190) 신세계(A004170) 20250903 데이터 수집 중...
2025-09-03 14:45:52,042 - StockDataService - INFO -   - 주가 데이터 가져오기 시도 중...
2025-09-03 14:45:52,044 - StockDataService - ERROR -   - 데이터 가져오기 실패: Length mismatch: Expected axis has 7 elements, new values have 6 elements
2025-09-03 14:45:52,044 - StockDataService - INFO - 🔄 (159) 유안타증권(A003470) 20250903 데이터 수집 중...
2025-09-03 14:45:52,044 - StockDataService - INFO -   - 조회일: 20250903
2025-09-03 14:45:52,044 - StockDataService - WARNING - ❌ 넥센타이어(A002350) - 20250903 데이터 없음
2025-09-03 14:45:52,044 - StockDataService - INFO -   - 종목명: 대한화섬
2025-09-03 14:45:52,044 - StockDataService - INFO - 🔄 (201) 삼성전자(A005930) 20250903 데이터 수집 중...
2025-09-03 14:45:52,052 - StockDataService - INFO -   - 주가 데이터 가져오기 시도 중...
2025-09-03 14:45:52,052 - StockDataService - INFO -   - 조회일: 20250903
2025-09-03 14:45:52,052 - StockDataService - INFO -   - 종목명: 제일파마홀딩스
2025-09-03 14:45:52,055 - StockDataService - ERROR -   - 데이터 가져오기 실패: Length mismatch: Expected axis has 7 elements, new values have 6 elements
2025-09-03 14:45:52,056 - StockDataService - WARNING - ❌ 서울식품(A004410) - 20250903 데이터 없음
2025-09-03 14:45:52,056 - StockDataService - INFO - 🔄 (198) 송원산업(A004430) 20250903 데이터 수집 중...
2025-09-03 14:45:52,075 - StockDataService - INFO -   - 주가 데이터 가져오기 시도 중...
2025-09-03 14:45:52,075 - StockDataService - INFO -   - 조회일: 20250903
2025-09-03 14:45:52,075 - StockDataService - INFO -   - 종목명: 신신제약
2025-09-03 14:45:52,079 - StockDataService - ERROR -   - 데이터 가져오기 실패: Length mismatch: Expected axis has 7 elements, new values have 6 elements
2025-09-03 14:45:52,079 - StockDataService - WARNING - ❌ HLB글로벌(A003580) - 20250903 데이터 없음
2025-09-03 14:45:52,079 - StockDataService - INFO - 🔄 (169) 방림(A003610) 20250903 데이터 수집 중...
2025-09-03 14:45:52,105 - StockDataService - ERROR -   - 데이터 가져오기 실패: Length mismatch: Expected axis has 7 elements, new values have 6 elements
2025-09-03 14:45:52,105 - StockDataService - WARNING - ❌ 대한화섬(A003830) - 20250903 데이터 없음
2025-09-03 14:45:52,105 - StockDataService - INFO - 🔄 (179) 보령(A003850) 20250903 데이터 수집 중...
2025-09-03 14:45:52,125 - StockDataService - ERROR -   - 데이터 가져오기 실패: Length mismatch: Expected axis has 7 elements, new values have 6 elements
2025-09-03 14:45:52,125 - StockDataService - WARNING - ❌ 제일파마홀딩스(A002620) - 20250903 데이터 없음
2025-09-03 14:45:52,125 - StockDataService - INFO - 🔄 (120) 오리엔트바이오(A002630) 20250903 데이터 수집 중...
2025-09-03 14:45:52,125 - StockDataService - INFO -   - 주가 데이터 가져오기 시도 중...
2025-09-03 14:45:52,125 - StockDataService - INFO -   - 조회일: 20250903
2025-09-03 14:45:52,125 - StockDataService - INFO -   - 종목명: 혜인
2025-09-03 14:45:52,141 - StockDataService - INFO -   - 주가 데이터 가져오기 시도 중...
2025-09-03 14:45:52,141 - StockDataService - INFO -   - 주가 데이터 가져오기 시도 중...
2025-09-03 14:45:52,141 - StockDataService - INFO -   - 조회일: 20250903
2025-09-03 14:45:52,141 - StockDataService - INFO -   - 조회일: 20250903
2025-09-03 14:45:52,141 - StockDataService - INFO -   - 종목명: 대원제약
2025-09-03 14:45:52,142 - StockDataService - INFO -   - 종목명: 송원산업
2025-09-03 14:45:52,154 - StockDataService - ERROR -   - 데이터 가져오기 실패: Length mismatch: Expected axis has 7 elements, new values have 6 elements
2025-09-03 14:45:52,154 - StockDataService - WARNING - ❌ 신신제약(A002800) - 20250903 데이터 없음
2025-09-03 14:45:52,154 - StockDataService - INFO - 🔄 (130) 삼영무역(A002810) 20250903 데이터 수집 중...
2025-09-03 14:45:52,162 - StockDataService - INFO -   - 주가 데이터 가져오기 시도 중...
2025-09-03 14:45:52,162 - StockDataService - INFO -   - 주가 데이터 가져오기 시도 중...
2025-09-03 14:45:52,162 - StockDataService - INFO -   - 조회일: 20250903
2025-09-03 14:45:52,162 - StockDataService - INFO -   - 조회일: 20250903
2025-09-03 14:45:52,163 - StockDataService - INFO -   - 종목명: 보령
2025-09-03 14:45:52,163 - StockDataService - INFO -   - 종목명: 삼성전자
2025-09-03 14:45:52,174 - StockDataService - INFO -   - 주가 데이터 가져오기 시도 중...
2025-09-03 14:45:52,174 - StockDataService - INFO -   - 조회일: 20250903
2025-09-03 14:45:52,174 - StockDataService - INFO -   - 종목명: 방림
2025-09-03 14:45:52,200 - StockDataService - ERROR -   - 데이터 가져오기 실패: Length mismatch: Expected axis has 7 elements, new values have 6 elements
2025-09-03 14:45:52,200 - StockDataService - WARNING - ❌ 혜인(A003010) - 20250903 데이터 없음
2025-09-03 14:45:52,200 - StockDataService - INFO - 🔄 (211) 삼성생명(A032830) 20250903 데이터 수집 중...
2025-09-03 14:45:52,208 - StockDataService - INFO -   - 주가 데이터 가져오기 시도 중...
2025-09-03 14:45:52,210 - StockDataService - ERROR -   - 데이터 가져오기 실패: Length mismatch: Expected axis has 7 elements, new values have 6 elements
2025-09-03 14:45:52,210 - StockDataService - INFO -   - 조회일: 20250903
2025-09-03 14:45:52,212 - StockDataService - ERROR -   - 데이터 가져오기 실패: Length mismatch: Expected axis has 7 elements, new values have 6 elements
2025-09-03 14:45:52,212 - StockDataService - WARNING - ❌ 대원제약(A003220) - 20250903 데이터 없음
2025-09-03 14:45:52,212 - StockDataService - INFO -   - 종목명: 신세계
2025-09-03 14:45:52,212 - StockDataService - WARNING - ❌ 송원산업(A004430) - 20250903 데이터 없음
2025-09-03 14:45:52,212 - StockDataService - INFO - 🔄 (221) SK이노베이션(A096770) 20250903 데이터 수집 중...
2025-09-03 14:45:52,213 - StockDataService - INFO - 🔄 (199) 삼일씨엔에스(A004440) 20250903 데이터 수집 중...
2025-09-03 14:45:52,225 - StockDataService - ERROR -   - 데이터 가져오기 실패: Length mismatch: Expected axis has 7 elements, new values have 6 elements
2025-09-03 14:45:52,226 - StockDataService - ERROR -   - 데이터 가져오기 실패: Length mismatch: Expected axis has 7 elements, new values have 6 elements
2025-09-03 14:45:52,226 - StockDataService - WARNING - ❌ 삼성전자(A005930) - 20250903 데이터 없음
2025-09-03 14:45:52,226 - StockDataService - WARNING - ❌ 보령(A003850) - 20250903 데이터 없음
2025-09-03 14:45:52,226 - StockDataService - INFO - 🔄 (202) 삼성SDI(A006400) 20250903 데이터 수집 중...
2025-09-03 14:45:52,226 - StockDataService - INFO - 🔄 (180) 남양유업(A003920) 20250903 데이터 수집 중...
2025-09-03 14:45:52,229 - StockDataService - ERROR -   - 데이터 가져오기 실패: Length mismatch: Expected axis has 7 elements, new values have 6 elements
2025-09-03 14:45:52,229 - StockDataService - WARNING - ❌ 방림(A003610) - 20250903 데이터 없음
2025-09-03 14:45:52,229 - StockDataService - INFO - 🔄 (170) KG모빌리티(A003620) 20250903 데이터 수집 중...
2025-09-03 14:45:52,243 - StockDataService - INFO -   - 주가 데이터 가져오기 시도 중...
2025-09-03 14:45:52,243 - StockDataService - INFO -   - 조회일: 20250903
2025-09-03 14:45:52,243 - StockDataService - INFO -   - 종목명: 유안타증권
2025-09-03 14:45:52,248 - StockDataService - INFO -   - 주가 데이터 가져오기 시도 중...
2025-09-03 14:45:52,248 - StockDataService - INFO -   - 조회일: 20250903
2025-09-03 14:45:52,248 - StockDataService - INFO -   - 종목명: 삼영무역
2025-09-03 14:45:52,266 - StockDataService - INFO -   - 주가 데이터 가져오기 시도 중...
2025-09-03 14:45:52,267 - StockDataService - INFO -   - 조회일: 20250903
2025-09-03 14:45:52,267 - StockDataService - INFO -   - 종목명: 삼일씨엔에스
2025-09-03 14:45:52,301 - StockDataService - ERROR -   - 데이터 가져오기 실패: Length mismatch: Expected axis has 7 elements, new values have 6 elements
2025-09-03 14:45:52,301 - StockDataService - INFO -   - 주가 데이터 가져오기 시도 중...
2025-09-03 14:45:52,301 - StockDataService - INFO -   - 주가 데이터 가져오기 시도 중...
2025-09-03 14:45:52,301 - StockDataService - WARNING - ❌ 신세계(A004170) - 20250903 데이터 없음
2025-09-03 14:45:52,301 - StockDataService - INFO -   - 조회일: 20250903
2025-09-03 14:45:52,301 - StockDataService - INFO -   - 조회일: 20250903
2025-09-03 14:45:52,301 - StockDataService - INFO - 🔄 (231) 현대지에프홀딩스(A005440) 20250903 데이터 수집 중...
2025-09-03 14:45:52,302 - StockDataService - INFO -   - 종목명: 삼성생명
2025-09-03 14:45:52,302 - StockDataService - INFO -   - 종목명: 남양유업
2025-09-03 14:45:52,327 - StockDataService - INFO -   - 주가 데이터 가져오기 시도 중...
2025-09-03 14:45:52,327 - StockDataService - INFO -   - 조회일: 20250903
2025-09-03 14:45:52,327 - StockDataService - INFO -   - 종목명: 오리엔트바이오
2025-09-03 14:45:52,343 - StockDataService - ERROR -   - 데이터 가져오기 실패: Length mismatch: Expected axis has 7 elements, new values have 6 elements
2025-09-03 14:45:52,343 - StockDataService - ERROR -   - 데이터 가져오기 실패: Length mismatch: Expected axis has 7 elements, new values have 6 elements
2025-09-03 14:45:52,345 - StockDataService - ERROR -   - 데이터 가져오기 실패: Length mismatch: Expected axis has 7 elements, new values have 6 elements
2025-09-03 14:45:52,345 - StockDataService - WARNING - ❌ 삼일씨엔에스(A004440) - 20250903 데이터 없음
2025-09-03 14:45:52,345 - StockDataService - WARNING - ❌ 유안타증권(A003470) - 20250903 데이터 없음
2025-09-03 14:45:52,345 - StockDataService - WARNING - ❌ 삼영무역(A002810) - 20250903 데이터 없음
2025-09-03 14:45:52,345 - StockDataService - INFO - 🔄 (200) 삼화왕관(A004450) 20250903 데이터 수집 중...
2025-09-03 14:45:52,345 - StockDataService - INFO - 🔄 (160) 한진중공업홀딩스(A003480) 20250903 데이터 수집 중...
2025-09-03 14:45:52,345 - StockDataService - INFO - 🔄 (241) HD현대인프라코어(A042670) 20250903 데이터 수집 중...
2025-09-03 14:45:52,381 - StockDataService - ERROR -   - 데이터 가져오기 실패: Length mismatch: Expected axis has 7 elements, new values have 6 elements
2025-09-03 14:45:52,381 - StockDataService - INFO -   - 주가 데이터 가져오기 시도 중...
2025-09-03 14:45:52,383 - StockDataService - ERROR -   - 데이터 가져오기 실패: Length mismatch: Expected axis has 7 elements, new values have 6 elements
2025-09-03 14:45:52,383 - StockDataService - WARNING - ❌ 남양유업(A003920) - 20250903 데이터 없음
2025-09-03 14:45:52,383 - StockDataService - INFO -   - 조회일: 20250903
2025-09-03 14:45:52,384 - StockDataService - WARNING - ❌ 삼성생명(A032830) - 20250903 데이터 없음
2025-09-03 14:45:52,384 - StockDataService - INFO - 🔄 (251) 현대이지웰(A090850) 20250903 데이터 수집 중...
2025-09-03 14:45:52,384 - StockDataService - INFO -   - 종목명: SK이노베이션
2025-09-03 14:45:52,384 - StockDataService - INFO - 🔄 (212) 삼성출판사(A068290) 20250903 데이터 수집 중...
2025-09-03 14:45:52,401 - StockDataService - INFO -   - 주가 데이터 가져오기 시도 중...
2025-09-03 14:45:52,401 - StockDataService - INFO -   - 조회일: 20250903
2025-09-03 14:45:52,401 - StockDataService - INFO -   - 종목명: KG모빌리티
2025-09-03 14:45:52,403 - StockDataService - INFO -   - 주가 데이터 가져오기 시도 중...
2025-09-03 14:45:52,403 - StockDataService - INFO -   - 조회일: 20250903
2025-09-03 14:45:52,403 - StockDataService - INFO -   - 종목명: 삼성SDI
2025-09-03 14:45:52,416 - StockDataService - INFO -   - 주가 데이터 가져오기 시도 중...
2025-09-03 14:45:52,416 - StockDataService - INFO -   - 조회일: 20250903
2025-09-03 14:45:52,417 - StockDataService - INFO -   - 종목명: 현대지에프홀딩스
2025-09-03 14:45:52,420 - StockDataService - ERROR -   - 데이터 가져오기 실패: Length mismatch: Expected axis has 7 elements, new values have 6 elements
2025-09-03 14:45:52,420 - StockDataService - WARNING - ❌ 오리엔트바이오(A002630) - 20250903 데이터 없음
2025-09-03 14:45:52,421 - StockDataService - INFO - 🔄 (261) 현대무벡스(A319400) 20250903 데이터 수집 중...
2025-09-03 14:45:52,461 - StockDataService - ERROR -   - 데이터 가져오기 실패: Length mismatch: Expected axis has 7 elements, new values have 6 elements
2025-09-03 14:45:52,461 - StockDataService - WARNING - ❌ SK이노베이션(A096770) - 20250903 데이터 없음
2025-09-03 14:45:52,461 - StockDataService - INFO - 🔄 (222) SK디앤디(A210980) 20250903 데이터 수집 중...
2025-09-03 14:45:52,461 - StockDataService - INFO -   - 주가 데이터 가져오기 시도 중...
2025-09-03 14:45:52,461 - StockDataService - INFO -   - 조회일: 20250903
2025-09-03 14:45:52,461 - StockDataService - INFO -   - 종목명: 한진중공업홀딩스
2025-09-03 14:45:52,466 - StockDataService - INFO -   - 주가 데이터 가져오기 시도 중...
2025-09-03 14:45:52,466 - StockDataService - INFO -   - 조회일: 20250903
2025-09-03 14:45:52,467 - StockDataService - INFO -   - 종목명: HD현대인프라코어
2025-09-03 14:45:52,474 - StockDataService - ERROR -   - 데이터 가져오기 실패: Length mismatch: Expected axis has 7 elements, new values have 6 elements
2025-09-03 14:45:52,474 - StockDataService - WARNING - ❌ KG모빌리티(A003620) - 20250903 데이터 없음
2025-09-03 14:45:52,474 - StockDataService - INFO - 🔄 (271) NAVER(A035420) 20250903 데이터 수집 중...
2025-09-03 14:45:52,479 - StockDataService - ERROR -   - 데이터 가져오기 실패: Length mismatch: Expected axis has 7 elements, new values have 6 elements
2025-09-03 14:45:52,479 - StockDataService - WARNING - ❌ 삼성SDI(A006400) - 20250903 데이터 없음
2025-09-03 14:45:52,479 - StockDataService - INFO - 🔄 (203) 삼성공조(A006660) 20250903 데이터 수집 중...
2025-09-03 14:45:52,484 - StockDataService - ERROR -   - 데이터 가져오기 실패: Length mismatch: Expected axis has 7 elements, new values have 6 elements
2025-09-03 14:45:52,484 - StockDataService - WARNING - ❌ 현대지에프홀딩스(A005440) - 20250903 데이터 없음
2025-09-03 14:45:52,484 - StockDataService - INFO - 🔄 (232) 한일현대시멘트(A006390) 20250903 데이터 수집 중...
2025-09-03 14:45:52,540 - StockDataService - INFO -   - 주가 데이터 가져오기 시도 중...
2025-09-03 14:45:52,542 - StockDataService - ERROR -   - 데이터 가져오기 실패: Length mismatch: Expected axis has 7 elements, new values have 6 elements
2025-09-03 14:45:52,542 - StockDataService - ERROR -   - 데이터 가져오기 실패: Length mismatch: Expected axis has 7 elements, new values have 6 elements
2025-09-03 14:45:52,542 - StockDataService - INFO -   - 조회일: 20250903
2025-09-03 14:45:52,543 - StockDataService - WARNING - ❌ 한진중공업홀딩스(A003480) - 20250903 데이터 없음
2025-09-03 14:45:52,543 - StockDataService - WARNING - ❌ HD현대인프라코어(A042670) - 20250903 데이터 없음
2025-09-03 14:45:52,543 - StockDataService - INFO -   - 종목명: 삼화왕관
2025-09-03 14:45:52,543 - StockDataService - INFO - 🔄 (242) 현대바이오(A048410) 20250903 데이터 수집 중...
2025-09-03 14:45:52,551 - StockDataService - INFO -   - 주가 데이터 가져오기 시도 중...
2025-09-03 14:45:52,551 - StockDataService - INFO -   - 조회일: 20250903
2025-09-03 14:45:52,552 - StockDataService - INFO -   - 종목명: 현대이지웰
2025-09-03 14:45:52,552 - StockDataService - INFO -   - 주가 데이터 가져오기 시도 중...
2025-09-03 14:45:52,553 - StockDataService - INFO -   - 조회일: 20250903
2025-09-03 14:45:52,553 - StockDataService - INFO -   - 종목명: 삼성출판사
2025-09-03 14:45:52,576 - StockDataService - INFO -   - 주가 데이터 가져오기 시도 중...
2025-09-03 14:45:52,576 - StockDataService - INFO -   - 조회일: 20250903
2025-09-03 14:45:52,576 - StockDataService - INFO -   - 종목명: 한일현대시멘트
2025-09-03 14:45:52,597 - StockDataService - INFO -   - 주가 데이터 가져오기 시도 중...
2025-09-03 14:45:52,597 - StockDataService - INFO -   - 조회일: 20250903
2025-09-03 14:45:52,597 - StockDataService - INFO -   - 종목명: NAVER
2025-09-03 14:45:52,610 - StockDataService - ERROR -   - 데이터 가져오기 실패: Length mismatch: Expected axis has 7 elements, new values have 6 elements
2025-09-03 14:45:52,610 - StockDataService - WARNING - ❌ 삼화왕관(A004450) - 20250903 데이터 없음
2025-09-03 14:45:52,610 - StockDataService - INFO -   - 주가 데이터 가져오기 시도 중...
2025-09-03 14:45:52,610 - StockDataService - INFO -   - 조회일: 20250903
2025-09-03 14:45:52,610 - StockDataService - INFO -   - 종목명: 현대무벡스
2025-09-03 14:45:52,614 - StockDataService - ERROR -   - 데이터 가져오기 실패: Length mismatch: Expected axis has 7 elements, new values have 6 elements
2025-09-03 14:45:52,614 - StockDataService - WARNING - ❌ 삼성출판사(A068290) - 20250903 데이터 없음
2025-09-03 14:45:52,614 - StockDataService - INFO - 🔄 (213) 삼성바이오로직스(A207940) 20250903 데이터 수집 중...
2025-09-03 14:45:52,629 - StockDataService - ERROR -   - 데이터 가져오기 실패: Length mismatch: Expected axis has 7 elements, new values have 6 elements
2025-09-03 14:45:52,629 - StockDataService - WARNING - ❌ 현대이지웰(A090850) - 20250903 데이터 없음
2025-09-03 14:45:52,630 - StockDataService - INFO - 🔄 (252) 현대퓨처넷(A126560) 20250903 데이터 수집 중...
2025-09-03 14:45:52,630 - StockDataService - INFO -   - 주가 데이터 가져오기 시도 중...
2025-09-03 14:45:52,630 - StockDataService - INFO -   - 조회일: 20250903
2025-09-03 14:45:52,630 - StockDataService - INFO -   - 종목명: SK디앤디
2025-09-03 14:45:52,646 - StockDataService - ERROR -   - 데이터 가져오기 실패: Length mismatch: Expected axis has 7 elements, new values have 6 elements
2025-09-03 14:45:52,646 - StockDataService - WARNING - ❌ 한일현대시멘트(A006390) - 20250903 데이터 없음
2025-09-03 14:45:52,646 - StockDataService - INFO - 🔄 (233) HD현대미포(A010620) 20250903 데이터 수집 중...
2025-09-03 14:45:52,650 - StockDataService - INFO -   - 주가 데이터 가져오기 시도 중...
2025-09-03 14:45:52,650 - StockDataService - INFO -   - 조회일: 20250903
2025-09-03 14:45:52,650 - StockDataService - INFO -   - 종목명: 삼성공조
2025-09-03 14:45:52,671 - StockDataService - ERROR -   - 데이터 가져오기 실패: Length mismatch: Expected axis has 7 elements, new values have 6 elements
2025-09-03 14:45:52,671 - StockDataService - WARNING - ❌ NAVER(A035420) - 20250903 데이터 없음
2025-09-03 14:45:52,702 - StockDataService - ERROR -   - 데이터 가져오기 실패: Length mismatch: Expected axis has 7 elements, new values have 6 elements
2025-09-03 14:45:52,703 - StockDataService - ERROR -   - 데이터 가져오기 실패: Length mismatch: Expected axis has 7 elements, new values have 6 elements
2025-09-03 14:45:52,703 - StockDataService - WARNING - ❌ SK디앤디(A210980) - 20250903 데이터 없음
2025-09-03 14:45:52,703 - StockDataService - WARNING - ❌ 현대무벡스(A319400) - 20250903 데이터 없음
2025-09-03 14:45:52,704 - StockDataService - INFO - 🔄 (223) SK시그넷(A260870) 20250903 데이터 수집 중...
2025-09-03 14:45:52,704 - StockDataService - INFO - 🔄 (262) HD현대에너지솔루션(A322000) 20250903 데이터 수집 중...
2025-09-03 14:45:52,725 - StockDataService - ERROR -   - 데이터 가져오기 실패: Length mismatch: Expected axis has 7 elements, new values have 6 elements
2025-09-03 14:45:52,725 - StockDataService - WARNING - ❌ 삼성공조(A006660) - 20250903 데이터 없음
2025-09-03 14:45:52,725 - StockDataService - INFO - 🔄 (204) 삼성전기(A009150) 20250903 데이터 수집 중...
2025-09-03 14:45:52,747 - StockDataService - INFO -   - 주가 데이터 가져오기 시도 중...
2025-09-03 14:45:52,747 - StockDataService - INFO -   - 조회일: 20250903
2025-09-03 14:45:52,747 - StockDataService - INFO -   - 종목명: 삼성바이오로직스
2025-09-03 14:45:52,747 - StockDataService - INFO -   - 주가 데이터 가져오기 시도 중...
2025-09-03 14:45:52,748 - StockDataService - INFO -   - 조회일: 20250903
2025-09-03 14:45:52,748 - StockDataService - INFO -   - 종목명: 현대바이오
2025-09-03 14:45:52,775 - StockDataService - INFO -   - 주가 데이터 가져오기 시도 중...
2025-09-03 14:45:52,775 - StockDataService - INFO -   - 조회일: 20250903
2025-09-03 14:45:52,775 - StockDataService - INFO -   - 종목명: 현대퓨처넷
2025-09-03 14:45:52,783 - StockDataService - INFO -   - 주가 데이터 가져오기 시도 중...
2025-09-03 14:45:52,783 - StockDataService - INFO -   - 조회일: 20250903
2025-09-03 14:45:52,783 - StockDataService - INFO -   - 종목명: SK시그넷
2025-09-03 14:45:52,789 - StockDataService - INFO -   - 주가 데이터 가져오기 시도 중...
2025-09-03 14:45:52,790 - StockDataService - INFO -   - 조회일: 20250903
2025-09-03 14:45:52,790 - StockDataService - INFO -   - 종목명: HD현대미포
2025-09-03 14:45:52,814 - StockDataService - ERROR -   - 데이터 가져오기 실패: Length mismatch: Expected axis has 7 elements, new values have 6 elements
2025-09-03 14:45:52,814 - StockDataService - WARNING - ❌ 삼성바이오로직스(A207940) - 20250903 데이터 없음
2025-09-03 14:45:52,814 - StockDataService - ERROR -   - 데이터 가져오기 실패: Length mismatch: Expected axis has 7 elements, new values have 6 elements
2025-09-03 14:45:52,814 - StockDataService - INFO - 🔄 (214) 삼성FN리츠(A448730) 20250903 데이터 수집 중...
2025-09-03 14:45:52,814 - StockDataService - WARNING - ❌ 현대바이오(A048410) - 20250903 데이터 없음
2025-09-03 14:45:52,814 - StockDataService - INFO - 🔄 (243) 현대바이오랜드(A052260) 20250903 데이터 수집 중...
2025-09-03 14:45:52,839 - StockDataService - ERROR -   - 데이터 가져오기 실패: Length mismatch: Expected axis has 7 elements, new values have 6 elements
2025-09-03 14:45:52,839 - StockDataService - WARNING - ❌ 현대퓨처넷(A126560) - 20250903 데이터 없음
2025-09-03 14:45:52,839 - StockDataService - INFO - 🔄 (253) 현대공업(A170030) 20250903 데이터 수집 중...
2025-09-03 14:45:52,856 - StockDataService - ERROR -   - 데이터 가져오기 실패: Length mismatch: Expected axis has 7 elements, new values have 6 elements
2025-09-03 14:45:52,858 - StockDataService - ERROR -   - 데이터 가져오기 실패: Length mismatch: Expected axis has 7 elements, new values have 6 elements
2025-09-03 14:45:52,858 - StockDataService - WARNING - ❌ SK시그넷(A260870) - 20250903 데이터 없음
2025-09-03 14:45:52,858 - StockDataService - WARNING - ❌ HD현대미포(A010620) - 20250903 데이터 없음
2025-09-03 14:45:52,858 - StockDataService - INFO - 🔄 (224) SK이터닉스(A475150) 20250903 데이터 수집 중...
2025-09-03 14:45:52,858 - StockDataService - INFO - 🔄 (234) 현대위아(A011210) 20250903 데이터 수집 중...
2025-09-03 14:45:52,864 - StockDataService - INFO -   - 주가 데이터 가져오기 시도 중...
2025-09-03 14:45:52,864 - StockDataService - INFO -   - 조회일: 20250903
2025-09-03 14:45:52,864 - StockDataService - INFO -   - 종목명: HD현대에너지솔루션
2025-09-03 14:45:52,883 - StockDataService - INFO -   - 주가 데이터 가져오기 시도 중...
2025-09-03 14:45:52,883 - StockDataService - INFO -   - 조회일: 20250903
2025-09-03 14:45:52,884 - StockDataService - INFO -   - 종목명: 삼성전기
2025-09-03 14:45:52,936 - StockDataService - ERROR -   - 데이터 가져오기 실패: Length mismatch: Expected axis has 7 elements, new values have 6 elements
2025-09-03 14:45:52,936 - StockDataService - WARNING - ❌ HD현대에너지솔루션(A322000) - 20250903 데이터 없음
2025-09-03 14:45:52,936 - StockDataService - INFO - 🔄 (263) HD현대중공업(A329180) 20250903 데이터 수집 중...
2025-09-03 14:45:52,960 - StockDataService - ERROR -   - 데이터 가져오기 실패: Length mismatch: Expected axis has 7 elements, new values have 6 elements
2025-09-03 14:45:52,960 - StockDataService - WARNING - ❌ 삼성전기(A009150) - 20250903 데이터 없음
2025-09-03 14:45:52,960 - StockDataService - INFO - 🔄 (205) 삼성중공업(A010140) 20250903 데이터 수집 중...
2025-09-03 14:45:52,966 - StockDataService - INFO -   - 주가 데이터 가져오기 시도 중...
2025-09-03 14:45:52,966 - StockDataService - INFO -   - 조회일: 20250903
2025-09-03 14:45:52,967 - StockDataService - INFO -   - 종목명: 현대위아
2025-09-03 14:45:52,980 - StockDataService - INFO -   - 주가 데이터 가져오기 시도 중...
2025-09-03 14:45:52,980 - StockDataService - INFO -   - 조회일: 20250903
2025-09-03 14:45:52,980 - StockDataService - INFO -   - 종목명: 현대바이오랜드
2025-09-03 14:45:52,996 - StockDataService - INFO -   - 주가 데이터 가져오기 시도 중...
2025-09-03 14:45:52,996 - StockDataService - INFO -   - 조회일: 20250903
2025-09-03 14:45:52,997 - StockDataService - INFO -   - 종목명: 현대공업
2025-09-03 14:45:53,014 - StockDataService - INFO -   - 주가 데이터 가져오기 시도 중...
2025-09-03 14:45:53,014 - StockDataService - INFO -   - 조회일: 20250903
2025-09-03 14:45:53,014 - StockDataService - INFO -   - 종목명: 삼성FN리츠
2025-09-03 14:45:53,014 - StockDataService - INFO -   - 주가 데이터 가져오기 시도 중...
2025-09-03 14:45:53,015 - StockDataService - INFO -   - 조회일: 20250903
2025-09-03 14:45:53,016 - StockDataService - INFO -   - 종목명: SK이터닉스
2025-09-03 14:45:53,031 - StockDataService - INFO -   - 주가 데이터 가져오기 시도 중...
2025-09-03 14:45:53,031 - StockDataService - INFO -   - 조회일: 20250903
2025-09-03 14:45:53,032 - StockDataService - INFO -   - 종목명: 삼성중공업
2025-09-03 14:45:53,054 - StockDataService - ERROR -   - 데이터 가져오기 실패: Length mismatch: Expected axis has 7 elements, new values have 6 elements
2025-09-03 14:45:53,055 - StockDataService - ERROR -   - 데이터 가져오기 실패: Length mismatch: Expected axis has 7 elements, new values have 6 elements
2025-09-03 14:45:53,055 - StockDataService - WARNING - ❌ 현대위아(A011210) - 20250903 데이터 없음
2025-09-03 14:45:53,055 - StockDataService - WARNING - ❌ 현대바이오랜드(A052260) - 20250903 데이터 없음
2025-09-03 14:45:53,055 - StockDataService - INFO - 🔄 (235) 현대코퍼레이션(A011760) 20250903 데이터 수집 중...
2025-09-03 14:45:53,055 - StockDataService - INFO - 🔄 (244) 현대홈쇼핑(A057050) 20250903 데이터 수집 중...
2025-09-03 14:45:53,061 - StockDataService - INFO -   - 주가 데이터 가져오기 시도 중...
2025-09-03 14:45:53,062 - StockDataService - INFO -   - 조회일: 20250903
2025-09-03 14:45:53,062 - StockDataService - INFO -   - 종목명: HD현대중공업
2025-09-03 14:45:53,065 - StockDataService - ERROR -   - 데이터 가져오기 실패: Length mismatch: Expected axis has 7 elements, new values have 6 elements
2025-09-03 14:45:53,065 - StockDataService - WARNING - ❌ 현대공업(A170030) - 20250903 데이터 없음
2025-09-03 14:45:53,065 - StockDataService - INFO - 🔄 (254) 현대ADM(A187660) 20250903 데이터 수집 중...
2025-09-03 14:45:53,085 - StockDataService - ERROR -   - 데이터 가져오기 실패: Length mismatch: Expected axis has 7 elements, new values have 6 elements
2025-09-03 14:45:53,087 - StockDataService - ERROR -   - 데이터 가져오기 실패: Length mismatch: Expected axis has 7 elements, new values have 6 elements
2025-09-03 14:45:53,087 - StockDataService - WARNING - ❌ 삼성FN리츠(A448730) - 20250903 데이터 없음
2025-09-03 14:45:53,087 - StockDataService - WARNING - ❌ SK이터닉스(A475150) - 20250903 데이터 없음
2025-09-03 14:45:53,087 - StockDataService - INFO - 🔄 (215) 삼성스팩8호(A448740) 20250903 데이터 수집 중...
2025-09-03 14:45:53,087 - StockDataService - INFO - 🔄 (225) LG유플러스(A032640) 20250903 데이터 수집 중...
2025-09-03 14:45:53,094 - StockDataService - ERROR -   - 데이터 가져오기 실패: Length mismatch: Expected axis has 7 elements, new values have 6 elements
2025-09-03 14:45:53,095 - StockDataService - WARNING - ❌ 삼성중공업(A010140) - 20250903 데이터 없음
2025-09-03 14:45:53,095 - StockDataService - INFO - 🔄 (206) 삼성증권(A016360) 20250903 데이터 수집 중...
2025-09-03 14:45:53,107 - StockDataService - INFO -   - 주가 데이터 가져오기 시도 중...
2025-09-03 14:45:53,107 - StockDataService - INFO -   - 조회일: 20250903
2025-09-03 14:45:53,107 - StockDataService - INFO -   - 종목명: 현대홈쇼핑
2025-09-03 14:45:53,136 - StockDataService - ERROR -   - 데이터 가져오기 실패: Length mismatch: Expected axis has 7 elements, new values have 6 elements
2025-09-03 14:45:53,136 - StockDataService - WARNING - ❌ HD현대중공업(A329180) - 20250903 데이터 없음
2025-09-03 14:45:53,136 - StockDataService - INFO - 🔄 (264) HD현대마린솔루션(A443060) 20250903 데이터 수집 중...
2025-09-03 14:45:53,164 - StockDataService - INFO -   - 주가 데이터 가져오기 시도 중...
2025-09-03 14:45:53,164 - StockDataService - INFO -   - 조회일: 20250903
2025-09-03 14:45:53,165 - StockDataService - INFO -   - 종목명: 현대코퍼레이션
2025-09-03 14:45:53,170 - StockDataService - ERROR -   - 데이터 가져오기 실패: Length mismatch: Expected axis has 7 elements, new values have 6 elements
2025-09-03 14:45:53,170 - StockDataService - WARNING - ❌ 현대홈쇼핑(A057050) - 20250903 데이터 없음
2025-09-03 14:45:53,170 - StockDataService - INFO - 🔄 (245) 현대로템(A064350) 20250903 데이터 수집 중...
2025-09-03 14:45:53,191 - StockDataService - INFO -   - 주가 데이터 가져오기 시도 중...
2025-09-03 14:45:53,191 - StockDataService - INFO -   - 조회일: 20250903
2025-09-03 14:45:53,191 - StockDataService - INFO -   - 종목명: 삼성스팩8호
2025-09-03 14:45:53,236 - StockDataService - ERROR -   - 데이터 가져오기 실패: Length mismatch: Expected axis has 7 elements, new values have 6 elements
2025-09-03 14:45:53,236 - StockDataService - INFO -   - 주가 데이터 가져오기 시도 중...
2025-09-03 14:45:53,236 - StockDataService - WARNING - ❌ 현대코퍼레이션(A011760) - 20250903 데이터 없음
2025-09-03 14:45:53,236 - StockDataService - INFO -   - 조회일: 20250903
2025-09-03 14:45:53,236 - StockDataService - INFO - 🔄 (236) 현대모비스(A012330) 20250903 데이터 수집 중...
2025-09-03 14:45:53,236 - StockDataService - INFO -   - 종목명: 현대ADM
2025-09-03 14:45:53,241 - StockDataService - INFO -   - 주가 데이터 가져오기 시도 중...
2025-09-03 14:45:53,241 - StockDataService - INFO -   - 조회일: 20250903
2025-09-03 14:45:53,241 - StockDataService - INFO -   - 종목명: LG유플러스
2025-09-03 14:45:53,247 - StockDataService - INFO -   - 주가 데이터 가져오기 시도 중...
2025-09-03 14:45:53,247 - StockDataService - INFO -   - 조회일: 20250903
2025-09-03 14:45:53,247 - StockDataService - INFO -   - 종목명: 현대로템
2025-09-03 14:45:53,275 - StockDataService - ERROR -   - 데이터 가져오기 실패: Length mismatch: Expected axis has 7 elements, new values have 6 elements
2025-09-03 14:45:53,275 - StockDataService - WARNING - ❌ 삼성스팩8호(A448740) - 20250903 데이터 없음
2025-09-03 14:45:53,275 - StockDataService - INFO - 🔄 (216) 삼성스팩9호(A468510) 20250903 데이터 수집 중...
2025-09-03 14:45:53,298 - StockDataService - INFO -   - 주가 데이터 가져오기 시도 중...
2025-09-03 14:45:53,298 - StockDataService - INFO -   - 조회일: 20250903
2025-09-03 14:45:53,298 - StockDataService - INFO -   - 종목명: 삼성증권
2025-09-03 14:45:53,311 - StockDataService - INFO -   - 주가 데이터 가져오기 시도 중...
2025-09-03 14:45:53,311 - StockDataService - INFO -   - 조회일: 20250903
2025-09-03 14:45:53,312 - StockDataService - INFO -   - 종목명: HD현대마린솔루션
2025-09-03 14:45:53,325 - StockDataService - ERROR -   - 데이터 가져오기 실패: Length mismatch: Expected axis has 7 elements, new values have 6 elements
2025-09-03 14:45:53,327 - StockDataService - ERROR -   - 데이터 가져오기 실패: Length mismatch: Expected axis has 7 elements, new values have 6 elements
2025-09-03 14:45:53,328 - StockDataService - WARNING - ❌ LG유플러스(A032640) - 20250903 데이터 없음
2025-09-03 14:45:53,328 - StockDataService - WARNING - ❌ 현대ADM(A187660) - 20250903 데이터 없음
2025-09-03 14:45:53,329 - StockDataService - ERROR -   - 데이터 가져오기 실패: Length mismatch: Expected axis has 7 elements, new values have 6 elements
2025-09-03 14:45:53,329 - StockDataService - INFO - 🔄 (226) LG생활건강(A051900) 20250903 데이터 수집 중...
2025-09-03 14:45:53,329 - StockDataService - INFO - 🔄 (255) 현대코퍼레이션홀딩스(A227840) 20250903 데이터 수집 중...
2025-09-03 14:45:53,329 - StockDataService - WARNING - ❌ 현대로템(A064350) - 20250903 데이터 없음
2025-09-03 14:45:53,329 - StockDataService - INFO - 🔄 (246) 현대백화점(A069960) 20250903 데이터 수집 중...
2025-09-03 14:45:53,333 - StockDataService - INFO -   - 주가 데이터 가져오기 시도 중...
2025-09-03 14:45:53,333 - StockDataService - INFO -   - 조회일: 20250903
2025-09-03 14:45:53,334 - StockDataService - INFO -   - 종목명: 삼성스팩9호
2025-09-03 14:45:53,359 - StockDataService - ERROR -   - 데이터 가져오기 실패: Length mismatch: Expected axis has 7 elements, new values have 6 elements
2025-09-03 14:45:53,359 - StockDataService - WARNING - ❌ 삼성증권(A016360) - 20250903 데이터 없음
2025-09-03 14:45:53,359 - StockDataService - INFO - 🔄 (207) 삼성에스디에스(A018260) 20250903 데이터 수집 중...
2025-09-03 14:45:53,380 - StockDataService - ERROR -   - 데이터 가져오기 실패: Length mismatch: Expected axis has 7 elements, new values have 6 elements
2025-09-03 14:45:53,380 - StockDataService - WARNING - ❌ HD현대마린솔루션(A443060) - 20250903 데이터 없음
2025-09-03 14:45:53,380 - StockDataService - INFO - 🔄 (265) 현대그린푸드(A453340) 20250903 데이터 수집 중...
2025-09-03 14:45:53,394 - StockDataService - INFO -   - 주가 데이터 가져오기 시도 중...
2025-09-03 14:45:53,394 - StockDataService - INFO -   - 조회일: 20250903
2025-09-03 14:45:53,394 - StockDataService - INFO -   - 종목명: 현대모비스
2025-09-03 14:45:53,414 - StockDataService - WARNING -   - 20250903 데이터가 없음 (거래일이 아님)
2025-09-03 14:45:53,414 - StockDataService - WARNING - ❌ 삼성스팩9호(A468510) - 20250903 데이터 없음
2025-09-03 14:45:53,415 - StockDataService - INFO - 🔄 (217) SKC(A011790) 20250903 데이터 수집 중...
2025-09-03 14:45:53,461 - StockDataService - ERROR -   - 데이터 가져오기 실패: Length mismatch: Expected axis has 7 elements, new values have 6 elements
2025-09-03 14:45:53,461 - StockDataService - WARNING - ❌ 현대모비스(A012330) - 20250903 데이터 없음
2025-09-03 14:45:53,461 - StockDataService - INFO - 🔄 (237) 현대사료(A016790) 20250903 데이터 수집 중...
2025-09-03 14:45:53,471 - StockDataService - INFO -   - 주가 데이터 가져오기 시도 중...
2025-09-03 14:45:53,471 - StockDataService - INFO -   - 조회일: 20250903
2025-09-03 14:45:53,471 - StockDataService - INFO -   - 종목명: 현대그린푸드
2025-09-03 14:45:53,477 - StockDataService - INFO -   - 주가 데이터 가져오기 시도 중...
2025-09-03 14:45:53,477 - StockDataService - INFO -   - 조회일: 20250903
2025-09-03 14:45:53,477 - StockDataService - INFO -   - 종목명: LG생활건강
2025-09-03 14:45:53,527 - StockDataService - INFO -   - 주가 데이터 가져오기 시도 중...
2025-09-03 14:45:53,527 - StockDataService - INFO -   - 조회일: 20250903
2025-09-03 14:45:53,527 - StockDataService - INFO -   - 종목명: 현대사료
2025-09-03 14:45:53,527 - StockDataService - INFO -   - 주가 데이터 가져오기 시도 중...
2025-09-03 14:45:53,529 - StockDataService - INFO -   - 주가 데이터 가져오기 시도 중...
2025-09-03 14:45:53,529 - StockDataService - INFO -   - 조회일: 20250903
2025-09-03 14:45:53,529 - StockDataService - INFO -   - 조회일: 20250903
2025-09-03 14:45:53,530 - StockDataService - INFO -   - 종목명: 현대코퍼레이션홀딩스
2025-09-03 14:45:53,530 - StockDataService - INFO -   - 종목명: 현대백화점
2025-09-03 14:45:53,535 - StockDataService - INFO -   - 주가 데이터 가져오기 시도 중...
2025-09-03 14:45:53,537 - StockDataService - ERROR -   - 데이터 가져오기 실패: Length mismatch: Expected axis has 7 elements, new values have 6 elements
2025-09-03 14:45:53,537 - StockDataService - INFO -   - 조회일: 20250903
2025-09-03 14:45:53,537 - StockDataService - WARNING - ❌ 현대그린푸드(A453340) - 20250903 데이터 없음
2025-09-03 14:45:53,537 - StockDataService - INFO -   - 종목명: 삼성에스디에스
2025-09-03 14:45:53,537 - StockDataService - INFO - 🔄 (266) 현대힘스(A460930) 20250903 데이터 수집 중...
2025-09-03 14:45:53,555 - StockDataService - ERROR -   - 데이터 가져오기 실패: Length mismatch: Expected axis has 7 elements, new values have 6 elements
2025-09-03 14:45:53,555 - StockDataService - WARNING - ❌ LG생활건강(A051900) - 20250903 데이터 없음
2025-09-03 14:45:53,555 - StockDataService - INFO - 🔄 (227) LG화학(A051910) 20250903 데이터 수집 중...
2025-09-03 14:45:53,592 - StockDataService - ERROR -   - 데이터 가져오기 실패: Length mismatch: Expected axis has 7 elements, new values have 6 elements
2025-09-03 14:45:53,592 - StockDataService - WARNING - ❌ 현대사료(A016790) - 20250903 데이터 없음
2025-09-03 14:45:53,592 - StockDataService - INFO - 🔄 (238) 현대엘리베이터(A017800) 20250903 데이터 수집 중...
2025-09-03 14:45:53,595 - StockDataService - INFO -   - 주가 데이터 가져오기 시도 중...
2025-09-03 14:45:53,595 - StockDataService - INFO -   - 조회일: 20250903
2025-09-03 14:45:53,595 - StockDataService - INFO -   - 종목명: SKC
2025-09-03 14:45:53,616 - StockDataService - ERROR -   - 데이터 가져오기 실패: Length mismatch: Expected axis has 7 elements, new values have 6 elements
2025-09-03 14:45:53,620 - StockDataService - ERROR -   - 데이터 가져오기 실패: Length mismatch: Expected axis has 7 elements, new values have 6 elements
2025-09-03 14:45:53,620 - StockDataService - ERROR -   - 데이터 가져오기 실패: Length mismatch: Expected axis has 7 elements, new values have 6 elements
2025-09-03 14:45:53,620 - StockDataService - WARNING - ❌ 현대코퍼레이션홀딩스(A227840) - 20250903 데이터 없음
2025-09-03 14:45:53,620 - StockDataService - WARNING - ❌ 현대백화점(A069960) - 20250903 데이터 없음
2025-09-03 14:45:53,620 - StockDataService - WARNING - ❌ 삼성에스디에스(A018260) - 20250903 데이터 없음
2025-09-03 14:45:53,621 - StockDataService - INFO - 🔄 (256) HD현대(A267250) 20250903 데이터 수집 중...
2025-09-03 14:45:53,621 - StockDataService - INFO - 🔄 (247) HD현대마린엔진(A071970) 20250903 데이터 수집 중...
2025-09-03 14:45:53,621 - StockDataService - INFO - 🔄 (208) 삼성E&A(A028050) 20250903 데이터 수집 중...
2025-09-03 14:45:53,675 - StockDataService - INFO -   - 주가 데이터 가져오기 시도 중...
2025-09-03 14:45:53,675 - StockDataService - INFO -   - 조회일: 20250903
2025-09-03 14:45:53,675 - StockDataService - INFO -   - 종목명: 현대힘스
2025-09-03 14:45:53,681 - StockDataService - ERROR -   - 데이터 가져오기 실패: Length mismatch: Expected axis has 7 elements, new values have 6 elements
2025-09-03 14:45:53,681 - StockDataService - WARNING - ❌ SKC(A011790) - 20250903 데이터 없음
2025-09-03 14:45:53,681 - StockDataService - INFO - 🔄 (218) SK텔레콤(A017670) 20250903 데이터 수집 중...
2025-09-03 14:45:53,699 - StockDataService - INFO -   - 주가 데이터 가져오기 시도 중...
2025-09-03 14:45:53,700 - StockDataService - INFO -   - 조회일: 20250903
2025-09-03 14:45:53,700 - StockDataService - INFO -   - 종목명: HD현대
2025-09-03 14:45:53,733 - StockDataService - INFO -   - 주가 데이터 가져오기 시도 중...
2025-09-03 14:45:53,733 - StockDataService - INFO -   - 주가 데이터 가져오기 시도 중...
2025-09-03 14:45:53,733 - StockDataService - INFO -   - 조회일: 20250903
2025-09-03 14:45:53,733 - StockDataService - INFO -   - 조회일: 20250903
2025-09-03 14:45:53,733 - StockDataService - INFO -   - 종목명: LG화학
2025-09-03 14:45:53,733 - StockDataService - INFO -   - 종목명: 삼성E&A
2025-09-03 14:45:53,761 - StockDataService - ERROR -   - 데이터 가져오기 실패: Length mismatch: Expected axis has 7 elements, new values have 6 elements
2025-09-03 14:45:53,761 - StockDataService - WARNING - ❌ 현대힘스(A460930) - 20250903 데이터 없음
2025-09-03 14:45:53,761 - StockDataService - INFO - 🔄 (267) 카카오(A035720) 20250903 데이터 수집 중...
2025-09-03 14:45:53,784 - StockDataService - INFO -   - 주가 데이터 가져오기 시도 중...
2025-09-03 14:45:53,784 - StockDataService - INFO -   - 조회일: 20250903
2025-09-03 14:45:53,784 - StockDataService - INFO -   - 종목명: 현대엘리베이터
2025-09-03 14:45:53,791 - StockDataService - INFO -   - 주가 데이터 가져오기 시도 중...
2025-09-03 14:45:53,791 - StockDataService - INFO -   - 조회일: 20250903
2025-09-03 14:45:53,791 - StockDataService - INFO -   - 종목명: SK텔레콤
2025-09-03 14:45:53,795 - StockDataService - INFO -   - 주가 데이터 가져오기 시도 중...
2025-09-03 14:45:53,796 - StockDataService - INFO -   - 조회일: 20250903
2025-09-03 14:45:53,796 - StockDataService - INFO -   - 종목명: HD현대마린엔진
2025-09-03 14:45:53,800 - StockDataService - ERROR -   - 데이터 가져오기 실패: Length mismatch: Expected axis has 7 elements, new values have 6 elements
2025-09-03 14:45:53,800 - StockDataService - WARNING - ❌ HD현대(A267250) - 20250903 데이터 없음
2025-09-03 14:45:53,800 - StockDataService - INFO - 🔄 (257) HD현대일렉트릭(A267260) 20250903 데이터 수집 중...
2025-09-03 14:45:53,816 - StockDataService - ERROR -   - 데이터 가져오기 실패: Length mismatch: Expected axis has 7 elements, new values have 6 elements
2025-09-03 14:45:53,819 - StockDataService - ERROR -   - 데이터 가져오기 실패: Length mismatch: Expected axis has 7 elements, new values have 6 elements
2025-09-03 14:45:53,819 - StockDataService - WARNING - ❌ 삼성E&A(A028050) - 20250903 데이터 없음
2025-09-03 14:45:53,819 - StockDataService - WARNING - ❌ LG화학(A051910) - 20250903 데이터 없음
2025-09-03 14:45:53,819 - StockDataService - INFO - 🔄 (209) 삼성물산(A028260) 20250903 데이터 수집 중...
2025-09-03 14:45:53,819 - StockDataService - INFO - 🔄 (228) LG전자(A066570) 20250903 데이터 수집 중...
2025-09-03 14:45:53,830 - StockDataService - INFO -   - 주가 데이터 가져오기 시도 중...
2025-09-03 14:45:53,830 - StockDataService - INFO -   - 조회일: 20250903
2025-09-03 14:45:53,831 - StockDataService - INFO -   - 종목명: 카카오
2025-09-03 14:45:53,871 - StockDataService - ERROR -   - 데이터 가져오기 실패: Length mismatch: Expected axis has 7 elements, new values have 6 elements
2025-09-03 14:45:53,871 - StockDataService - WARNING - ❌ HD현대마린엔진(A071970) - 20250903 데이터 없음
2025-09-03 14:45:53,872 - StockDataService - INFO - 🔄 (248) 현대리바트(A079430) 20250903 데이터 수집 중...
2025-09-03 14:45:53,874 - StockDataService - ERROR -   - 데이터 가져오기 실패: Length mismatch: Expected axis has 7 elements, new values have 6 elements
2025-09-03 14:45:53,876 - StockDataService - ERROR -   - 데이터 가져오기 실패: Length mismatch: Expected axis has 7 elements, new values have 6 elements
2025-09-03 14:45:53,876 - StockDataService - WARNING - ❌ 현대엘리베이터(A017800) - 20250903 데이터 없음
2025-09-03 14:45:53,876 - StockDataService - WARNING - ❌ SK텔레콤(A017670) - 20250903 데이터 없음
2025-09-03 14:45:53,876 - StockDataService - INFO - 🔄 (239) 현대에이치티(A039010) 20250903 데이터 수집 중...
2025-09-03 14:45:53,876 - StockDataService - INFO - 🔄 (219) SK가스(A018670) 20250903 데이터 수집 중...
2025-09-03 14:45:53,911 - StockDataService - INFO -   - 주가 데이터 가져오기 시도 중...
2025-09-03 14:45:53,911 - StockDataService - INFO -   - 조회일: 20250903
2025-09-03 14:45:53,911 - StockDataService - INFO -   - 주가 데이터 가져오기 시도 중...
2025-09-03 14:45:53,912 - StockDataService - INFO -   - 종목명: 삼성물산
2025-09-03 14:45:53,912 - StockDataService - INFO -   - 조회일: 20250903
2025-09-03 14:45:53,913 - StockDataService - INFO -   - 종목명: HD현대일렉트릭
2025-09-03 14:45:53,920 - StockDataService - ERROR -   - 데이터 가져오기 실패: Length mismatch: Expected axis has 7 elements, new values have 6 elements
2025-09-03 14:45:53,920 - StockDataService - WARNING - ❌ 카카오(A035720) - 20250903 데이터 없음
2025-09-03 14:45:53,920 - StockDataService - INFO - 🔄 (268) 카카오게임즈(A293490) 20250903 데이터 수집 중...
2025-09-03 14:45:53,960 - StockDataService - INFO -   - 주가 데이터 가져오기 시도 중...
2025-09-03 14:45:53,960 - StockDataService - INFO -   - 조회일: 20250903
2025-09-03 14:45:53,960 - StockDataService - INFO -   - 종목명: LG전자
2025-09-03 14:45:53,975 - StockDataService - ERROR -   - 데이터 가져오기 실패: Length mismatch: Expected axis has 7 elements, new values have 6 elements
2025-09-03 14:45:53,975 - StockDataService - WARNING - ❌ 삼성물산(A028260) - 20250903 데이터 없음
2025-09-03 14:45:53,975 - StockDataService - INFO - 🔄 (210) 삼성카드(A029780) 20250903 데이터 수집 중...
2025-09-03 14:45:53,975 - StockDataService - INFO -   - 주가 데이터 가져오기 시도 중...
2025-09-03 14:45:53,975 - StockDataService - INFO -   - 조회일: 20250903
2025-09-03 14:45:53,975 - StockDataService - INFO -   - 종목명: 현대에이치티
2025-09-03 14:45:53,980 - StockDataService - INFO -   - 주가 데이터 가져오기 시도 중...
2025-09-03 14:45:53,980 - StockDataService - INFO -   - 조회일: 20250903
2025-09-03 14:45:53,981 - StockDataService - INFO -   - 종목명: 현대리바트
2025-09-03 14:45:53,982 - StockDataService - INFO -   - 주가 데이터 가져오기 시도 중...
2025-09-03 14:45:53,982 - StockDataService - INFO -   - 조회일: 20250903
2025-09-03 14:45:53,982 - StockDataService - INFO -   - 종목명: SK가스
2025-09-03 14:45:53,995 - StockDataService - ERROR -   - 데이터 가져오기 실패: Length mismatch: Expected axis has 7 elements, new values have 6 elements
2025-09-03 14:45:53,995 - StockDataService - WARNING - ❌ HD현대일렉트릭(A267260) - 20250903 데이터 없음
2025-09-03 14:45:53,995 - StockDataService - INFO - 🔄 (258) HD현대건설기계(A267270) 20250903 데이터 수집 중...
2025-09-03 14:45:54,045 - StockDataService - ERROR -   - 데이터 가져오기 실패: Length mismatch: Expected axis has 7 elements, new values have 6 elements
2025-09-03 14:45:54,045 - StockDataService - WARNING - ❌ LG전자(A066570) - 20250903 데이터 없음
2025-09-03 14:45:54,045 - StockDataService - INFO - 🔄 (229) 현대비앤지스틸(A004560) 20250903 데이터 수집 중...
2025-09-03 14:45:54,051 - StockDataService - ERROR -   - 데이터 가져오기 실패: Length mismatch: Expected axis has 7 elements, new values have 6 elements
2025-09-03 14:45:54,051 - StockDataService - WARNING - ❌ 현대에이치티(A039010) - 20250903 데이터 없음
2025-09-03 14:45:54,051 - StockDataService - INFO - 🔄 (240) 현대에버다임(A041440) 20250903 데이터 수집 중...
2025-09-03 14:45:54,051 - StockDataService - INFO -   - 주가 데이터 가져오기 시도 중...
2025-09-03 14:45:54,051 - StockDataService - INFO -   - 조회일: 20250903
2025-09-03 14:45:54,051 - StockDataService - INFO -   - 종목명: 삼성카드
2025-09-03 14:45:54,060 - StockDataService - ERROR -   - 데이터 가져오기 실패: Length mismatch: Expected axis has 7 elements, new values have 6 elements
2025-09-03 14:45:54,062 - StockDataService - ERROR -   - 데이터 가져오기 실패: Length mismatch: Expected axis has 7 elements, new values have 6 elements
2025-09-03 14:45:54,062 - StockDataService - WARNING - ❌ 현대리바트(A079430) - 20250903 데이터 없음
2025-09-03 14:45:54,062 - StockDataService - WARNING - ❌ SK가스(A018670) - 20250903 데이터 없음
2025-09-03 14:45:54,062 - StockDataService - INFO - 🔄 (249) 현대글로비스(A086280) 20250903 데이터 수집 중...
2025-09-03 14:45:54,062 - StockDataService - INFO - 🔄 (220) SK(A034730) 20250903 데이터 수집 중...
2025-09-03 14:45:54,089 - StockDataService - INFO -   - 주가 데이터 가져오기 시도 중...
2025-09-03 14:45:54,090 - StockDataService - INFO -   - 조회일: 20250903
2025-09-03 14:45:54,090 - StockDataService - INFO -   - 종목명: HD현대건설기계
2025-09-03 14:45:54,093 - StockDataService - INFO -   - 주가 데이터 가져오기 시도 중...
2025-09-03 14:45:54,095 - StockDataService - INFO -   - 조회일: 20250903
2025-09-03 14:45:54,095 - StockDataService - INFO -   - 종목명: 카카오게임즈
2025-09-03 14:45:54,120 - StockDataService - ERROR -   - 데이터 가져오기 실패: Length mismatch: Expected axis has 7 elements, new values have 6 elements
2025-09-03 14:45:54,121 - StockDataService - WARNING - ❌ 삼성카드(A029780) - 20250903 데이터 없음
2025-09-03 14:45:54,124 - StockDataService - INFO -   - 주가 데이터 가져오기 시도 중...
2025-09-03 14:45:54,124 - StockDataService - INFO -   - 조회일: 20250903
2025-09-03 14:45:54,125 - StockDataService - INFO -   - 종목명: 현대비앤지스틸
2025-09-03 14:45:54,132 - StockDataService - INFO -   - 주가 데이터 가져오기 시도 중...
2025-09-03 14:45:54,132 - StockDataService - INFO -   - 조회일: 20250903
2025-09-03 14:45:54,132 - StockDataService - INFO -   - 종목명: 현대글로비스
2025-09-03 14:45:54,175 - StockDataService - ERROR -   - 데이터 가져오기 실패: Length mismatch: Expected axis has 7 elements, new values have 6 elements
2025-09-03 14:45:54,177 - StockDataService - ERROR -   - 데이터 가져오기 실패: Length mismatch: Expected axis has 7 elements, new values have 6 elements
2025-09-03 14:45:54,177 - StockDataService - WARNING - ❌ HD현대건설기계(A267270) - 20250903 데이터 없음
2025-09-03 14:45:54,178 - StockDataService - WARNING - ❌ 카카오게임즈(A293490) - 20250903 데이터 없음
2025-09-03 14:45:54,178 - StockDataService - INFO - 🔄 (259) HDC현대산업개발(A294870) 20250903 데이터 수집 중...
2025-09-03 14:45:54,178 - StockDataService - INFO - 🔄 (269) 카카오뱅크(A323410) 20250903 데이터 수집 중...
2025-09-03 14:45:54,179 - StockDataService - INFO -   - 주가 데이터 가져오기 시도 중...
2025-09-03 14:45:54,179 - StockDataService - INFO -   - 조회일: 20250903
2025-09-03 14:45:54,180 - StockDataService - INFO -   - 종목명: 현대에버다임
2025-09-03 14:45:54,221 - StockDataService - ERROR -   - 데이터 가져오기 실패: Length mismatch: Expected axis has 7 elements, new values have 6 elements
2025-09-03 14:45:54,223 - StockDataService - ERROR -   - 데이터 가져오기 실패: Length mismatch: Expected axis has 7 elements, new values have 6 elements
2025-09-03 14:45:54,223 - StockDataService - WARNING - ❌ 현대비앤지스틸(A004560) - 20250903 데이터 없음
2025-09-03 14:45:54,223 - StockDataService - WARNING - ❌ 현대글로비스(A086280) - 20250903 데이터 없음
2025-09-03 14:45:54,223 - StockDataService - INFO - 🔄 (230) 현대차(A005380) 20250903 데이터 수집 중...
2025-09-03 14:45:54,223 - StockDataService - INFO - 🔄 (250) HDC현대EP(A089470) 20250903 데이터 수집 중...
2025-09-03 14:45:54,246 - StockDataService - INFO -   - 주가 데이터 가져오기 시도 중...
2025-09-03 14:45:54,247 - StockDataService - INFO -   - 조회일: 20250903
2025-09-03 14:45:54,247 - StockDataService - INFO -   - 종목명: SK
2025-09-03 14:45:54,249 - StockDataService - INFO -   - 주가 데이터 가져오기 시도 중...
2025-09-03 14:45:54,249 - StockDataService - INFO -   - 조회일: 20250903
2025-09-03 14:45:54,250 - StockDataService - INFO -   - 종목명: HDC현대산업개발
2025-09-03 14:45:54,257 - StockDataService - ERROR -   - 데이터 가져오기 실패: Length mismatch: Expected axis has 7 elements, new values have 6 elements
2025-09-03 14:45:54,257 - StockDataService - WARNING - ❌ 현대에버다임(A041440) - 20250903 데이터 없음
2025-09-03 14:45:54,274 - StockDataService - INFO -   - 주가 데이터 가져오기 시도 중...
2025-09-03 14:45:54,275 - StockDataService - INFO -   - 조회일: 20250903
2025-09-03 14:45:54,275 - StockDataService - INFO -   - 종목명: 카카오뱅크
2025-09-03 14:45:54,317 - StockDataService - INFO -   - 주가 데이터 가져오기 시도 중...
2025-09-03 14:45:54,317 - StockDataService - INFO -   - 조회일: 20250903
2025-09-03 14:45:54,317 - StockDataService - INFO -   - 종목명: 현대차
2025-09-03 14:45:54,338 - StockDataService - ERROR -   - 데이터 가져오기 실패: Length mismatch: Expected axis has 7 elements, new values have 6 elements
2025-09-03 14:45:54,339 - StockDataService - ERROR -   - 데이터 가져오기 실패: Length mismatch: Expected axis has 7 elements, new values have 6 elements
2025-09-03 14:45:54,339 - StockDataService - WARNING - ❌ SK(A034730) - 20250903 데이터 없음
2025-09-03 14:45:54,339 - StockDataService - WARNING - ❌ HDC현대산업개발(A294870) - 20250903 데이터 없음
2025-09-03 14:45:54,339 - StockDataService - INFO - 🔄 (260) 현대오토에버(A307950) 20250903 데이터 수집 중...
2025-09-03 14:45:54,359 - StockDataService - ERROR -   - 데이터 가져오기 실패: Length mismatch: Expected axis has 7 elements, new values have 6 elements
2025-09-03 14:45:54,359 - StockDataService - WARNING - ❌ 카카오뱅크(A323410) - 20250903 데이터 없음
2025-09-03 14:45:54,360 - StockDataService - INFO - 🔄 (270) 카카오페이(A377300) 20250903 데이터 수집 중...
2025-09-03 14:45:54,385 - StockDataService - ERROR -   - 데이터 가져오기 실패: Length mismatch: Expected axis has 7 elements, new values have 6 elements
2025-09-03 14:45:54,386 - StockDataService - WARNING - ❌ 현대차(A005380) - 20250903 데이터 없음
2025-09-03 14:45:54,394 - StockDataService - INFO -   - 주가 데이터 가져오기 시도 중...
2025-09-03 14:45:54,394 - StockDataService - INFO -   - 조회일: 20250903
2025-09-03 14:45:54,394 - StockDataService - INFO -   - 종목명: HDC현대EP
2025-09-03 14:45:54,415 - StockDataService - INFO -   - 주가 데이터 가져오기 시도 중...
2025-09-03 14:45:54,415 - StockDataService - INFO -   - 조회일: 20250903
2025-09-03 14:45:54,415 - StockDataService - INFO -   - 종목명: 카카오페이
2025-09-03 14:45:54,455 - StockDataService - ERROR -   - 데이터 가져오기 실패: Length mismatch: Expected axis has 7 elements, new values have 6 elements
2025-09-03 14:45:54,455 - StockDataService - WARNING - ❌ HDC현대EP(A089470) - 20250903 데이터 없음
2025-09-03 14:45:54,485 - StockDataService - ERROR -   - 데이터 가져오기 실패: Length mismatch: Expected axis has 7 elements, new values have 6 elements
2025-09-03 14:45:54,486 - StockDataService - WARNING - ❌ 카카오페이(A377300) - 20250903 데이터 없음
2025-09-03 14:45:54,501 - StockDataService - INFO -   - 주가 데이터 가져오기 시도 중...
2025-09-03 14:45:54,502 - StockDataService - INFO -   - 조회일: 20250903
2025-09-03 14:45:54,502 - StockDataService - INFO -   - 종목명: 현대오토에버
2025-09-03 14:45:54,572 - StockDataService - ERROR -   - 데이터 가져오기 실패: Length mismatch: Expected axis has 7 elements, new values have 6 elements
2025-09-03 14:45:54,573 - StockDataService - WARNING - ❌ 현대오토에버(A307950) - 20250903 데이터 없음
2025-09-03 14:45:54,573 - StockDataService - WARNING - ❌ 저장할 20250903 데이터가 없습니다.
2025-09-03 14:45:54,574 - StockPriceApplication - ERROR - ❌ 데이터 수집 실패!
2025-09-03 14:45:54,574 - __main__ - INFO - HikariDataSource closed
2025-09-03 14:45:54,574 - StockPriceApplication - INFO - 애플리케이션 리소스 정리 완료
2025-09-03 14:45:54,575 - __main__ - ERROR - ❌ 애플리케이션 실행 실패!
